10687;31;-;-;-;-;-
10686;31;-;-;-;-;-
10685;31;-;-;-;-;-
10684;31;-;-;-;-;-
10683;31;-;-;-;-;-
10682;31;-;-;-;-;-
10681;31;-;-;-;-;-
10680;31;-;-;-;-;-
10679;31;-;-;-;-;-
10678;31;-;-;-;-;-
10677;31;-;-;-;-;-
10676;31;-;-;-;-;-
10675;31;-;-;-;-;-
10674;31;-;-;-;-;-
10673;31;-;-;-;-;-
10672;31;-;-;-;-;-
10671;31;-;-;-;-;-
10670;31;-;-;-;-;-
10669;31;-;-;-;-;-
10668;31;-;-;-;-;-
10667;31;-;-;-;-;-
10666;31;-;-;-;-;-
10665;31;-;-;-;-;-
10664;31;-;-;-;-;-
10663;31;-;-;-;-;-
10662;31;-;-;-;-;-
10661;31;-;-;-;-;-
10660;31;-;-;-;-;-
10659;31;-;-;-;-;-
10658;31;-;-;-;-;-
10657;31;-;-;-;-;-
10656;31;-;-;-;-;-
10655;31;-;-;-;-;-
10654;31;-;-;-;-;-
10653;31;-;-;-;-;-
10652;31;-;-;-;-;-
10651;31;-;-;-;-;-
10650;31;-;-;-;-;-
10649;31;-;-;-;-;-
10648;31;-;-;-;-;-
10647;31;-;-;-;-;-
10646;31;-;-;-;-;-
10645;31;-;-;-;-;-
10644;31;-;-;-;-;-
10643;31;-;-;-;-;-
10642;31;-;-;-;-;-
10641;31;-;-;-;-;-
10640;31;-;-;-;-;-
10639;31;-;-;-;-;-
10638;31;-;-;-;-;-
10637;31;-;-;-;-;-
10636;31;-;-;-;-;-
10635;31;-;-;-;-;-
10634;31;-;-;-;-;-
10633;31;-;-;-;-;-
10632;31;-;-;-;-;-
10631;31;-;-;-;-;-
10630;31;-;-;-;-;-
10629;31;-;-;-;-;-
10628;31;-;-;-;-;-
10627;31;-;-;-;-;-
10626;31;-;-;-;-;-
10625;31;-;-;-;-;-
10624;31;-;-;-;-;-
10623;31;-;-;-;-;-
10622;31;-;-;-;-;-
10621;31;-;-;-;-;-
10620;31;-;-;-;-;-
10619;31;-;-;-;-;-
10618;31;-;-;-;-;-
10617;31;-;-;-;-;-
10616;31;-;-;-;-;-
10615;31;-;-;-;-;-
10614;31;-;-;-;-;-
10613;31;-;-;-;-;-
10612;31;-;-;-;-;-
10611;31;-;-;-;-;-
10610;31;-;-;-;-;-
10609;31;-;-;-;-;-
10608;31;-;-;-;-;-
10607;31;-;-;-;-;-
10606;31;-;-;-;-;-
10605;31;-;-;-;-;-
10604;31;-;-;-;-;-
10603;31;-;-;-;-;-
10602;31;-;-;-;-;-
10601;31;-;-;-;-;-
10600;31;-;-;-;-;-
10599;31;-;-;-;-;-
10598;31;-;-;-;-;-
10597;31;-;-;-;-;-
10596;31;-;-;-;-;-
10595;31;-;-;-;-;-
10594;31;-;-;-;-;-
10593;31;-;-;-;-;-
10592;31;-;-;-;-;-
10591;30;-;-;-;-;-
10590;30;-;-;-;-;-
10589;30;-;-;-;-;-
10588;30;-;-;-;-;-
10587;30;-;-;-;-;-
10586;30;-;-;-;-;-
10585;30;-;-;-;-;-
10584;30;-;-;-;-;-
10583;30;-;-;-;-;-
10582;30;-;-;-;-;-
10581;30;-;-;-;-;-
10580;30;-;-;-;-;-
10579;30;-;-;-;-;-
10578;30;-;-;-;-;-
10577;30;-;-;-;-;-
10576;30;-;-;-;-;-
10575;30;-;-;-;-;-
10574;30;-;-;-;-;-
10573;30;-;-;-;-;-
10572;30;-;-;-;-;-
10571;30;-;-;-;-;-
10570;30;-;-;-;-;-
10569;30;-;-;-;-;-
10568;30;-;-;-;-;-
10567;30;-;-;-;-;-
10566;30;-;-;-;-;-
10565;30;-;-;-;-;-
10564;30;-;-;-;-;-
10563;30;-;-;-;-;-
10562;30;-;-;-;-;-
10561;30;-;-;-;-;-
10560;30;-;-;-;-;-
10559;30;-;-;-;-;-
10558;30;-;-;-;-;-
10557;30;-;-;-;-;-
10556;30;-;-;-;-;-
10555;30;-;-;-;-;-
10554;30;-;-;-;-;-
10553;30;-;-;-;-;-
10552;30;-;-;-;-;-
10551;30;-;-;-;-;-
10550;30;-;-;-;-;-
10549;30;-;-;-;-;-
10548;30;-;-;-;-;-
10547;30;-;-;-;-;-
10546;30;-;-;-;-;-
10545;30;-;-;-;-;-
10544;30;-;-;-;-;-
10543;30;-;-;-;-;-
10542;30;-;-;-;-;-
10541;30;-;-;-;-;-
10540;30;-;-;-;-;-
10539;30;-;-;-;-;-
10538;30;-;-;-;-;-
10537;30;-;-;-;-;-
10536;30;-;-;-;-;-
10535;30;-;-;-;-;-
10534;30;-;-;-;-;-
10533;30;-;-;-;-;-
10532;30;-;-;-;-;-
10531;30;-;-;-;-;-
10530;30;-;-;-;-;-
10529;30;-;-;-;-;-
10528;30;-;-;-;-;-
10527;30;-;-;-;-;-
10526;30;-;-;-;-;-
10525;30;-;-;-;-;-
10524;30;-;-;-;-;-
10523;30;-;-;-;-;-
10522;30;-;-;-;-;-
10521;30;-;-;-;-;-
10520;30;-;-;-;-;-
10519;30;-;-;-;-;-
10518;30;-;-;-;-;-
10517;30;-;-;-;-;-
10516;30;-;-;-;-;-
10515;30;-;-;-;-;-
10514;30;-;-;-;-;-
10513;30;-;-;-;-;-
10512;30;-;-;-;-;-
10511;30;-;-;-;-;-
10510;30;-;-;-;-;-
10509;30;-;-;-;-;-
10508;30;-;-;-;-;-
10507;30;-;-;-;-;-
10506;30;-;-;-;-;-
10505;30;-;-;-;-;-
10504;30;-;-;-;-;-
10503;30;-;-;-;-;-
10502;30;-;-;-;-;-
10501;30;-;-;-;-;-
10500;30;-;-;-;-;-
10499;30;-;-;-;-;-
10498;30;-;-;-;-;-
10497;30;-;-;-;-;-
10496;30;-;-;-;-;-
10495;29;-;-;-;-;-
10494;29;-;-;-;-;-
10493;29;-;-;-;-;-
10492;29;-;-;-;-;-
10491;29;-;-;-;-;-
10490;29;-;-;-;-;-
10489;29;-;-;-;-;-
10488;29;-;-;-;-;-
10487;29;-;-;-;-;-
10486;29;-;-;-;-;-
10485;29;-;-;-;-;-
10484;29;-;-;-;-;-
10483;29;-;-;-;-;-
10482;29;-;-;-;-;-
10481;29;-;-;-;-;-
10480;29;-;-;-;-;-
10479;29;-;-;-;-;-
10478;29;-;-;-;-;-
10477;29;-;-;-;-;-
10476;29;-;-;-;-;-
10475;29;-;-;-;-;-
10474;29;-;-;-;-;-
10473;29;-;-;-;-;-
10472;29;-;-;-;-;-
10471;29;-;-;-;-;-
10470;29;-;-;-;-;-
10469;29;-;-;-;-;-
10468;29;-;-;-;-;-
10467;29;-;-;-;-;-
10466;29;-;-;-;-;-
10465;29;-;-;-;-;-
10464;29;-;-;-;-;-
10463;29;-;-;-;-;-
10462;29;-;-;-;-;-
10461;29;-;-;-;-;-
10460;29;-;-;-;-;-
10459;29;-;-;-;-;-
10458;29;-;-;-;-;-
10457;29;-;-;-;-;-
10456;29;-;-;-;-;-
10455;29;-;-;-;-;-
10454;29;-;-;-;-;-
10453;29;-;-;-;-;-
10452;29;-;-;-;-;-
10451;29;-;-;-;-;-
10450;29;-;-;-;-;-
10449;29;-;-;-;-;-
10448;29;-;-;-;-;-
10447;29;-;-;-;-;-
10446;29;-;-;-;-;-
10445;29;-;-;-;-;-
10444;29;-;-;-;-;-
10443;29;-;-;-;-;-
10442;29;-;-;-;-;-
10441;29;-;-;-;-;-
10440;29;-;-;-;-;-
10439;29;-;-;-;-;-
10438;29;-;-;-;-;-
10437;29;-;-;-;-;-
10436;29;-;-;-;-;-
10435;29;-;-;-;-;-
10434;29;-;-;-;-;-
10433;29;-;-;-;-;-
10432;29;-;-;-;-;-
10431;29;-;-;-;-;-
10430;29;-;-;-;-;-
10429;29;-;-;-;-;-
10428;29;-;-;-;-;-
10427;29;-;-;-;-;-
10426;29;-;-;-;-;-
10425;29;-;-;-;-;-
10424;29;-;-;-;-;-
10423;29;-;-;-;-;-
10422;29;-;-;-;-;-
10421;29;-;-;-;-;-
10420;29;-;-;-;-;-
10419;29;-;-;-;-;-
10418;29;-;-;-;-;-
10417;29;-;-;-;-;-
10416;29;-;-;-;-;-
10415;29;-;-;-;-;-
10414;29;-;-;-;-;-
10413;29;-;-;-;-;-
10412;29;-;-;-;-;-
10411;29;-;-;-;-;-
10410;29;-;-;-;-;-
10409;29;-;-;-;-;-
10408;29;-;-;-;-;-
10407;29;-;-;-;-;-
10406;29;-;-;-;-;-
10405;29;-;-;-;-;-
10404;29;-;-;-;-;-
10403;29;-;-;-;-;-
10402;29;-;-;-;-;-
10401;29;-;-;-;-;-
10400;29;-;-;-;-;-
10399;28;-;-;-;-;-
10398;28;-;-;-;-;-
10397;28;-;-;-;-;-
10396;28;-;-;-;-;-
10395;28;-;-;-;-;-
10394;28;-;-;-;-;-
10393;28;-;-;-;-;-
10392;28;-;-;-;-;-
10391;28;-;-;-;-;-
10390;28;-;-;-;-;-
10389;28;-;-;-;-;-
10388;28;-;-;-;-;-
10387;28;-;-;-;-;-
10386;28;-;-;-;-;-
10385;28;-;-;-;-;-
10384;28;-;-;-;-;-
10383;28;-;-;-;-;-
10382;28;-;-;-;-;-
10381;28;-;-;-;-;-
10380;28;-;-;-;-;-
10379;28;-;-;-;-;-
10378;28;-;-;-;-;-
10377;28;-;-;-;-;-
10376;28;-;-;-;-;-
10375;28;-;-;-;-;-
10374;28;-;-;-;-;-
10373;28;-;-;-;-;-
10372;28;-;-;-;-;-
10371;28;-;-;-;-;-
10370;28;-;-;-;-;-
10369;28;-;-;-;-;-
10368;28;-;-;-;-;-
10367;28;-;-;-;-;-
10366;28;-;-;-;-;-
10365;28;-;-;-;-;-
10364;28;-;-;-;-;-
10363;28;-;-;-;-;-
10362;28;-;-;-;-;-
10361;28;-;-;-;-;-
10360;28;-;-;-;-;-
10359;28;-;-;-;-;-
10358;28;-;-;-;-;-
10357;28;-;-;-;-;-
10356;28;-;-;-;-;-
10355;28;-;-;-;-;-
10354;28;-;-;-;-;-
10353;28;-;-;-;-;-
10352;28;-;-;-;-;-
10351;28;-;-;-;-;-
10350;28;-;-;-;-;-
10349;28;-;-;-;-;-
10348;28;-;-;-;-;-
10347;28;-;-;-;-;-
10346;28;-;-;-;-;-
10345;28;-;-;-;-;-
10344;28;-;-;-;-;-
10343;28;-;-;-;-;-
10342;28;-;-;-;-;-
10341;28;-;-;-;-;-
10340;28;-;-;-;-;-
10339;28;-;-;-;-;-
10338;28;-;-;-;-;-
10337;28;-;-;-;-;-
10336;28;-;-;-;-;-
10335;28;-;-;-;-;-
10334;28;-;-;-;-;-
10333;28;-;-;-;-;-
10332;28;-;-;-;-;-
10331;28;-;-;-;-;-
10330;28;-;-;-;-;-
10329;28;-;-;-;-;-
10328;28;-;-;-;-;-
10327;28;-;-;-;-;-
10326;28;-;-;-;-;-
10325;28;-;-;-;-;-
10324;28;-;-;-;-;-
10323;28;-;-;-;-;-
10322;28;-;-;-;-;-
10321;28;-;-;-;-;-
10320;28;-;-;-;-;-
10319;28;-;-;-;-;-
10318;28;-;-;-;-;-
10317;28;-;-;-;-;-
10316;28;-;-;-;-;-
10315;28;-;-;-;-;-
10314;28;-;-;-;-;-
10313;28;-;-;-;-;-
10312;28;-;-;-;-;-
10311;28;-;-;-;-;-
10310;28;-;-;-;-;-
10309;28;-;-;-;-;-
10308;28;-;-;-;-;-
10307;28;-;-;-;-;-
10306;28;-;-;-;-;-
10305;28;-;-;-;-;-
10304;28;-;-;-;-;-
10303;27;-;-;-;-;-
10302;27;-;-;-;-;-
10301;27;-;-;-;-;-
10300;27;-;-;-;-;-
10299;27;-;-;-;-;-
10298;27;-;-;-;-;-
10297;27;-;-;-;-;-
10296;27;-;-;-;-;-
10295;27;-;-;-;-;-
10294;27;-;-;-;-;-
10293;27;-;-;-;-;-
10292;27;-;-;-;-;-
10291;27;-;-;-;-;-
10290;27;-;-;-;-;-
10289;27;-;-;-;-;-
10288;27;-;-;-;-;-
10287;27;-;-;-;-;-
10286;27;-;-;-;-;-
10285;27;-;-;-;-;-
10284;27;-;-;-;-;-
10283;27;-;-;-;-;-
10282;27;-;-;-;-;-
10281;27;-;-;-;-;-
10280;27;-;-;-;-;-
10279;27;-;-;-;-;-
10278;27;-;-;-;-;-
10277;27;-;-;-;-;-
10276;27;-;-;-;-;-
10275;27;-;-;-;-;-
10274;27;-;-;-;-;-
10273;27;-;-;-;-;-
10272;27;-;-;-;-;-
10271;27;-;-;-;-;-
10270;27;-;-;-;-;-
10269;27;-;-;-;-;-
10268;27;-;-;-;-;-
10267;27;-;-;-;-;-
10266;27;-;-;-;-;-
10265;27;-;-;-;-;-
10264;27;-;-;-;-;-
10263;27;-;-;-;-;-
10262;27;-;-;-;-;-
10261;27;-;-;-;-;-
10260;27;-;-;-;-;-
10259;27;-;-;-;-;-
10258;27;-;-;-;-;-
10257;27;-;-;-;-;-
10256;27;-;-;-;-;-
10255;27;-;-;-;-;-
10254;27;-;-;-;-;-
10253;27;-;-;-;-;-
10252;27;-;-;-;-;-
10251;27;-;-;-;-;-
10250;27;-;-;-;-;-
10249;27;-;-;-;-;-
10248;27;-;-;-;-;-
10247;27;-;-;-;-;-
10246;27;-;-;-;-;-
10245;27;-;-;-;-;-
10244;27;-;-;-;-;-
10243;27;-;-;-;-;-
10242;27;-;-;-;-;-
10241;27;-;-;-;-;-
10240;27;-;-;-;-;-
10239;27;-;-;-;-;-
10238;27;-;-;-;-;-
10237;27;-;-;-;-;-
10236;27;-;-;-;-;-
10235;27;-;-;-;-;-
10234;27;-;-;-;-;-
10233;27;-;-;-;-;-
10232;27;-;-;-;-;-
10231;27;-;-;-;-;-
10230;27;-;-;-;-;-
10229;27;-;-;-;-;-
10228;27;-;-;-;-;-
10227;27;-;-;-;-;-
10226;27;-;-;-;-;-
10225;27;-;-;-;-;-
10224;27;-;-;-;-;-
10223;27;-;-;-;-;-
10222;27;-;-;-;-;-
10221;27;-;-;-;-;-
10220;27;-;-;-;-;-
10219;27;-;-;-;-;-
10218;27;-;-;-;-;-
10217;27;-;-;-;-;-
10216;27;-;-;-;-;-
10215;27;-;-;-;-;-
10214;27;-;-;-;-;-
10213;27;-;-;-;-;-
10212;27;-;-;-;-;-
10211;27;-;-;-;-;-
10210;27;-;-;-;-;-
10209;27;-;-;-;-;-
10208;27;-;-;-;-;-
10207;26;-;-;-;-;-
10206;26;-;-;-;-;-
10205;26;-;-;-;-;-
10204;26;-;-;-;-;-
10203;26;-;-;-;-;-
10202;26;-;-;-;-;-
10201;26;-;-;-;-;-
10200;26;-;-;-;-;-
10199;26;-;-;-;-;-
10198;26;-;-;-;-;-
10197;26;-;-;-;-;-
10196;26;-;-;-;-;-
10195;26;-;-;-;-;-
10194;26;-;-;-;-;-
10193;26;-;-;-;-;-
10192;26;-;-;-;-;-
10191;26;-;-;-;-;-
10190;26;-;-;-;-;-
10189;26;-;-;-;-;-
10188;26;-;-;-;-;-
10187;26;-;-;-;-;-
10186;26;-;-;-;-;-
10185;26;-;-;-;-;-
10184;26;-;-;-;-;-
10183;26;-;-;-;-;-
10182;26;-;-;-;-;-
10181;26;-;-;-;-;-
10180;26;-;-;-;-;-
10179;26;-;-;-;-;-
10178;26;-;-;-;-;-
10177;26;-;-;-;-;-
10176;26;-;-;-;-;-
10175;26;-;-;-;-;-
10174;26;-;-;-;-;-
10173;26;-;-;-;-;-
10172;26;-;-;-;-;-
10171;26;-;-;-;-;-
10170;26;-;-;-;-;-
10169;26;-;-;-;-;-
10168;26;-;-;-;-;-
10167;26;-;-;-;-;-
10166;26;-;-;-;-;-
10165;26;-;-;-;-;-
10164;26;-;-;-;-;-
10163;26;-;-;-;-;-
10162;26;-;-;-;-;-
10161;26;-;-;-;-;-
10160;26;-;-;-;-;-
10159;26;-;-;-;-;-
10158;26;-;-;-;-;-
10157;26;-;-;-;-;-
10156;26;-;-;-;-;-
10155;26;-;-;-;-;-
10154;26;-;-;-;-;-
10153;26;-;-;-;-;-
10152;26;-;-;-;-;-
10151;26;-;-;-;-;-
10150;26;-;-;-;-;-
10149;26;-;-;-;-;-
10148;26;-;-;-;-;-
10147;26;-;-;-;-;-
10146;26;-;-;-;-;-
10145;26;-;-;-;-;-
10144;26;-;-;-;-;-
10143;26;-;-;-;-;-
10142;26;-;-;-;-;-
10141;26;-;-;-;-;-
10140;26;-;-;-;-;-
10139;26;-;-;-;-;-
10138;26;-;-;-;-;-
10137;26;-;-;-;-;-
10136;26;-;-;-;-;-
10135;26;-;-;-;-;-
10134;26;-;-;-;-;-
10133;26;-;-;-;-;-
10132;26;-;-;-;-;-
10131;26;-;-;-;-;-
10130;26;-;-;-;-;-
10129;26;-;-;-;-;-
10128;26;-;-;-;-;-
10127;26;-;-;-;-;-
10126;26;-;-;-;-;-
10125;26;-;-;-;-;-
10124;26;-;-;-;-;-
10123;26;-;-;-;-;-
10122;26;-;-;-;-;-
10121;26;-;-;-;-;-
10120;26;-;-;-;-;-
10119;26;-;-;-;-;-
10118;26;-;-;-;-;-
10117;26;-;-;-;-;-
10116;26;-;-;-;-;-
10115;26;-;-;-;-;-
10114;26;-;-;-;-;-
10113;26;-;-;-;-;-
10112;26;-;-;-;-;-
10111;25;-;-;-;-;-
10110;25;-;-;-;-;-
10109;25;-;-;-;-;-
10108;25;-;-;-;-;-
10107;25;-;-;-;-;-
10106;25;-;-;-;-;-
10105;25;-;-;-;-;-
10104;25;-;-;-;-;-
10103;25;-;-;-;-;-
10102;25;-;-;-;-;-
10101;25;-;-;-;-;-
10100;25;-;-;-;-;-
10099;25;-;-;-;-;-
10098;25;-;-;-;-;-
10097;25;-;-;-;-;-
10096;25;-;-;-;-;-
10095;25;-;-;-;-;-
10094;25;-;-;-;-;-
10093;25;-;-;-;-;-
10092;25;-;-;-;-;-
10091;25;-;-;-;-;-
10090;25;-;-;-;-;-
10089;25;-;-;-;-;-
10088;25;-;-;-;-;-
10087;25;-;-;-;-;-
10086;25;-;-;-;-;-
10085;25;-;-;-;-;-
10084;25;-;-;-;-;-
10083;25;-;-;-;-;-
10082;25;-;-;-;-;-
10081;25;-;-;-;-;-
10080;25;-;-;-;-;-
10079;25;-;-;-;-;-
10078;25;-;-;-;-;-
10077;25;-;-;-;-;-
10076;25;-;-;-;-;-
10075;25;-;-;-;-;-
10074;25;-;-;-;-;-
10073;25;-;-;-;-;-
10072;25;-;-;-;-;-
10071;25;-;-;-;-;-
10070;25;-;-;-;-;-
10069;25;-;-;-;-;-
10068;25;-;-;-;-;-
10067;25;-;-;-;-;-
10066;25;-;-;-;-;-
10065;25;-;-;-;-;-
10064;25;-;-;-;-;-
10063;25;-;-;-;-;-
10062;25;-;-;-;-;-
10061;25;-;-;-;-;-
10060;25;-;-;-;-;-
10059;25;-;-;-;-;-
10058;25;-;-;-;-;-
10057;25;-;-;-;-;-
10056;25;-;-;-;-;-
10055;25;-;-;-;-;-
10054;25;-;-;-;-;-
10053;25;-;-;-;-;-
10052;25;-;-;-;-;-
10051;25;-;-;-;-;-
10050;25;-;-;-;-;-
10049;25;-;-;-;-;-
10048;25;-;-;-;-;-
10047;25;-;-;-;-;-
10046;25;-;-;-;-;-
10045;25;-;-;-;-;-
10044;25;-;-;-;-;-
10043;25;-;-;-;-;-
10042;25;-;-;-;-;-
10041;25;-;-;-;-;-
10040;25;-;-;-;-;-
10039;25;-;-;-;-;-
10038;25;-;-;-;-;-
10037;25;-;-;-;-;-
10036;25;-;-;-;-;-
10035;25;-;-;-;-;-
10034;25;-;-;-;-;-
10033;25;-;-;-;-;-
10032;25;-;-;-;-;-
10031;25;-;-;-;-;-
10030;25;-;-;-;-;-
10029;25;-;-;-;-;-
10028;25;-;-;-;-;-
10027;25;-;-;-;-;-
10026;25;-;-;-;-;-
10025;25;-;-;-;-;-
10024;25;-;-;-;-;-
10023;25;-;-;-;-;-
10022;25;-;-;-;-;-
10021;25;-;-;-;-;-
10020;25;-;-;-;-;-
10019;25;-;-;-;-;-
10018;25;-;-;-;-;-
10017;25;-;-;-;-;-
10016;25;-;-;-;-;-
10015;24;-;-;-;-;-
10014;24;-;-;-;-;-
10013;24;-;-;-;-;-
10012;24;-;-;-;-;-
10011;24;-;-;-;-;-
10010;24;-;-;-;-;-
10009;24;-;-;-;-;-
10008;24;-;-;-;-;-
10007;24;-;-;-;-;-
10006;24;-;-;-;-;-
10005;24;-;-;-;-;-
10004;24;-;-;-;-;-
10003;24;-;-;-;-;-
10002;24;-;-;-;-;-
10001;24;-;-;-;-;-
10000;24;-;-;-;-;-
9999;24;-;-;-;-;-
9998;24;-;-;-;-;-
9997;24;-;-;-;-;-
9996;24;-;-;-;-;-
9995;24;-;-;-;-;-
9994;24;-;-;-;-;-
9993;24;-;-;-;-;-
9992;24;-;-;-;-;-
9991;24;-;-;-;-;-
9990;24;-;-;-;-;-
9989;24;-;-;-;-;-
9988;24;-;-;-;-;-
9987;24;-;-;-;-;-
9986;24;-;-;-;-;-
9985;24;-;-;-;-;-
9984;24;-;-;-;-;-
9983;24;-;-;-;-;-
9982;24;-;-;-;-;-
9981;24;-;-;-;-;-
9980;24;-;-;-;-;-
9979;24;-;-;-;-;-
9978;24;-;-;-;-;-
9977;24;-;-;-;-;-
9976;24;-;-;-;-;-
9975;24;-;-;-;-;-
9974;24;-;-;-;-;-
9973;24;-;-;-;-;-
9972;24;-;-;-;-;-
9971;24;-;-;-;-;-
9970;24;-;-;-;-;-
9969;24;-;-;-;-;-
9968;24;-;-;-;-;-
9967;24;-;-;-;-;-
9966;24;-;-;-;-;-
9965;24;-;-;-;-;-
9964;24;-;-;-;-;-
9963;24;-;-;-;-;-
9962;24;-;-;-;-;-
9961;24;-;-;-;-;-
9960;24;-;-;-;-;-
9959;24;-;-;-;-;-
9958;24;-;-;-;-;-
9957;24;-;-;-;-;-
9956;24;-;-;-;-;-
9955;24;-;-;-;-;-
9954;24;-;-;-;-;-
9953;24;-;-;-;-;-
9952;24;-;-;-;-;-
9951;24;-;-;-;-;-
9950;24;-;-;-;-;-
9949;24;-;-;-;-;-
9948;24;-;-;-;-;-
9947;24;-;-;-;-;-
9946;24;-;-;-;-;-
9945;24;-;-;-;-;-
9944;24;-;-;-;-;-
9943;24;-;-;-;-;-
9942;24;-;-;-;-;-
9941;24;-;-;-;-;-
9940;24;-;-;-;-;-
9939;24;-;-;-;-;-
9938;24;-;-;-;-;-
9937;24;-;-;-;-;-
9936;24;-;-;-;-;-
9935;24;-;-;-;-;-
9934;24;-;-;-;-;-
9933;24;-;-;-;-;-
9932;24;-;-;-;-;-
9931;24;-;-;-;-;-
9930;24;-;-;-;-;-
9929;24;-;-;-;-;-
9928;24;-;-;-;-;-
9927;24;-;-;-;-;-
9926;24;-;-;-;-;-
9925;24;-;-;-;-;-
9924;24;-;-;-;-;-
9923;24;-;-;-;-;-
9922;24;-;-;-;-;-
9921;24;-;-;-;-;-
9920;24;-;-;-;-;-
9919;23;-;-;-;-;-
9918;23;-;-;-;-;-
9917;23;-;-;-;-;-
9916;23;-;-;-;-;-
9915;23;-;-;-;-;-
9914;23;-;-;-;-;-
9913;23;-;-;-;-;-
9912;23;-;-;-;-;-
9911;23;-;-;-;-;-
9910;23;-;-;-;-;-
9909;23;-;-;-;-;-
9908;23;-;-;-;-;-
9907;23;-;-;-;-;-
9906;23;-;-;-;-;-
9905;23;-;-;-;-;-
9904;23;-;-;-;-;-
9903;23;-;-;-;-;-
9902;23;-;-;-;-;-
9901;23;-;-;-;-;-
9900;23;-;-;-;-;-
9899;23;-;-;-;-;-
9898;23;-;-;-;-;-
9897;23;-;-;-;-;-
9896;23;-;-;-;-;-
9895;23;-;-;-;-;-
9894;23;-;-;-;-;-
9893;23;-;-;-;-;-
9892;23;-;-;-;-;-
9891;23;-;-;-;-;-
9890;23;-;-;-;-;-
9889;23;-;-;-;-;-
9888;23;-;-;-;-;-
9887;23;-;-;-;-;-
9886;23;-;-;-;-;-
9885;23;-;-;-;-;-
9884;23;-;-;-;-;-
9883;23;-;-;-;-;-
9882;23;-;-;-;-;-
9881;23;-;-;-;-;-
9880;23;-;-;-;-;-
9879;23;-;-;-;-;-
9878;23;-;-;-;-;-
9877;23;-;-;-;-;-
9876;23;-;-;-;-;-
9875;23;-;-;-;-;-
9874;23;-;-;-;-;-
9873;23;-;-;-;-;-
9872;23;-;-;-;-;-
9871;23;-;-;-;-;-
9870;23;-;-;-;-;-
9869;23;-;-;-;-;-
9868;23;-;-;-;-;-
9867;23;-;-;-;-;-
9866;23;-;-;-;-;-
9865;23;-;-;-;-;-
9864;23;-;-;-;-;-
9863;23;-;-;-;-;-
9862;23;-;-;-;-;-
9861;23;-;-;-;-;-
9860;23;-;-;-;-;-
9859;23;-;-;-;-;-
9858;23;-;-;-;-;-
9857;23;-;-;-;-;-
9856;23;-;-;-;-;-
9855;23;-;-;-;-;-
9854;23;-;-;-;-;-
9853;23;-;-;-;-;-
9852;23;-;-;-;-;-
9851;23;-;-;-;-;-
9850;23;-;-;-;-;-
9849;23;-;-;-;-;-
9848;23;-;-;-;-;-
9847;23;-;-;-;-;-
9846;23;-;-;-;-;-
9845;23;-;-;-;-;-
9844;23;-;-;-;-;-
9843;23;-;-;-;-;-
9842;23;-;-;-;-;-
9841;23;-;-;-;-;-
9840;23;-;-;-;-;-
9839;23;-;-;-;-;-
9838;23;-;-;-;-;-
9837;23;-;-;-;-;-
9836;23;-;-;-;-;-
9835;23;-;-;-;-;-
9834;23;-;-;-;-;-
9833;23;-;-;-;-;-
9832;23;-;-;-;-;-
9831;23;-;-;-;-;-
9830;23;-;-;-;-;-
9829;23;-;-;-;-;-
9828;23;-;-;-;-;-
9827;23;-;-;-;-;-
9826;23;-;-;-;-;-
9825;23;-;-;-;-;-
9824;23;-;-;-;-;-
9823;22;-;-;-;-;-
9822;22;-;-;-;-;-
9821;22;-;-;-;-;-
9820;22;-;-;-;-;-
9819;22;-;-;-;-;-
9818;22;-;-;-;-;-
9817;22;-;-;-;-;-
9816;22;-;-;-;-;-
9815;22;-;-;-;-;-
9814;22;-;-;-;-;-
9813;22;-;-;-;-;-
9812;22;-;-;-;-;-
9811;22;-;-;-;-;-
9810;22;-;-;-;-;-
9809;22;-;-;-;-;-
9808;22;-;-;-;-;-
9807;22;-;-;-;-;-
9806;22;-;-;-;-;-
9805;22;-;-;-;-;-
9804;22;-;-;-;-;-
9803;22;-;-;-;-;-
9802;22;-;-;-;-;-
9801;22;-;-;-;-;-
9800;22;-;-;-;-;-
9799;22;-;-;-;-;-
9798;22;-;-;-;-;-
9797;22;-;-;-;-;-
9796;22;-;-;-;-;-
9795;22;-;-;-;-;-
9794;22;-;-;-;-;-
9793;22;-;-;-;-;-
9792;22;-;-;-;-;-
9791;22;-;-;-;-;-
9790;22;-;-;-;-;-
9789;22;-;-;-;-;-
9788;22;-;-;-;-;-
9787;22;-;-;-;-;-
9786;22;-;-;-;-;-
9785;22;-;-;-;-;-
9784;22;-;-;-;-;-
9783;22;-;-;-;-;-
9782;22;-;-;-;-;-
9781;22;-;-;-;-;-
9780;22;-;-;-;-;-
9779;22;-;-;-;-;-
9778;22;-;-;-;-;-
9777;22;-;-;-;-;-
9776;22;-;-;-;-;-
9775;22;-;-;-;-;-
9774;22;-;-;-;-;-
9773;22;-;-;-;-;-
9772;22;-;-;-;-;-
9771;22;-;-;-;-;-
9770;22;-;-;-;-;-
9769;22;-;-;-;-;-
9768;22;-;-;-;-;-
9767;22;-;-;-;-;-
9766;22;-;-;-;-;-
9765;22;-;-;-;-;-
9764;22;-;-;-;-;-
9763;22;-;-;-;-;-
9762;22;-;-;-;-;-
9761;22;-;-;-;-;-
9760;22;-;-;-;-;-
9759;22;-;-;-;-;-
9758;22;-;-;-;-;-
9757;22;-;-;-;-;-
9756;22;-;-;-;-;-
9755;22;-;-;-;-;-
9754;22;-;-;-;-;-
9753;22;-;-;-;-;-
9752;22;-;-;-;-;-
9751;22;-;-;-;-;-
9750;22;-;-;-;-;-
9749;22;-;-;-;-;-
9748;22;-;-;-;-;-
9747;22;-;-;-;-;-
9746;22;-;-;-;-;-
9745;22;-;-;-;-;-
9744;22;-;-;-;-;-
9743;22;-;-;-;-;-
9742;22;-;-;-;-;-
9741;22;-;-;-;-;-
9740;22;-;-;-;-;-
9739;22;-;-;-;-;-
9738;22;-;-;-;-;-
9737;22;-;-;-;-;-
9736;22;-;-;-;-;-
9735;22;-;-;-;-;-
9734;22;-;-;-;-;-
9733;22;-;-;-;-;-
9732;22;-;-;-;-;-
9731;22;-;-;-;-;-
9730;22;-;-;-;-;-
9729;22;-;-;-;-;-
9728;22;-;-;-;-;-
9727;21;-;-;-;-;-
9726;21;-;-;-;-;-
9725;21;-;-;-;-;-
9724;21;-;-;-;-;-
9723;21;-;-;-;-;-
9722;21;-;-;-;-;-
9721;21;-;-;-;-;-
9720;21;-;-;-;-;-
9719;21;-;-;-;-;-
9718;21;-;-;-;-;-
9717;21;-;-;-;-;-
9716;21;-;-;-;-;-
9715;21;-;-;-;-;-
9714;21;-;-;-;-;-
9713;21;-;-;-;-;-
9712;21;-;-;-;-;-
9711;21;-;-;-;-;-
9710;21;-;-;-;-;-
9709;21;-;-;-;-;-
9708;21;-;-;-;-;-
9707;21;-;-;-;-;-
9706;21;-;-;-;-;-
9705;21;-;-;-;-;-
9704;21;-;-;-;-;-
9703;21;-;-;-;-;-
9702;21;-;-;-;-;-
9701;21;-;-;-;-;-
9700;21;-;-;-;-;-
9699;21;-;-;-;-;-
9698;21;-;-;-;-;-
9697;21;-;-;-;-;-
9696;21;-;-;-;-;-
9695;21;-;-;-;-;-
9694;21;-;-;-;-;-
9693;21;-;-;-;-;-
9692;21;-;-;-;-;-
9691;21;-;-;-;-;-
9690;21;-;-;-;-;-
9689;21;-;-;-;-;-
9688;21;-;-;-;-;-
9687;21;-;-;-;-;-
9686;21;-;-;-;-;-
9685;21;-;-;-;-;-
9684;21;-;-;-;-;-
9683;21;-;-;-;-;-
9682;21;-;-;-;-;-
9681;21;-;-;-;-;-
9680;21;-;-;-;-;-
9679;21;-;-;-;-;-
9678;21;-;-;-;-;-
9677;21;-;-;-;-;-
9676;21;-;-;-;-;-
9675;21;-;-;-;-;-
9674;21;-;-;-;-;-
9673;21;-;-;-;-;-
9672;21;-;-;-;-;-
9671;21;-;-;-;-;-
9670;21;-;-;-;-;-
9669;21;-;-;-;-;-
9668;21;-;-;-;-;-
9667;21;-;-;-;-;-
9666;21;-;-;-;-;-
9665;21;-;-;-;-;-
9664;21;-;-;-;-;-
9663;21;-;-;-;-;-
9662;21;-;-;-;-;-
9661;21;-;-;-;-;-
9660;21;-;-;-;-;-
9659;21;-;-;-;-;-
9658;21;-;-;-;-;-
9657;21;-;-;-;-;-
9656;21;-;-;-;-;-
9655;21;-;-;-;-;-
9654;21;-;-;-;-;-
9653;21;-;-;-;-;-
9652;21;-;-;-;-;-
9651;21;-;-;-;-;-
9650;21;-;-;-;-;-
9649;21;-;-;-;-;-
9648;21;-;-;-;-;-
9647;21;-;-;-;-;-
9646;21;-;-;-;-;-
9645;21;-;-;-;-;-
9644;21;-;-;-;-;-
9643;21;-;-;-;-;-
9642;21;-;-;-;-;-
9641;21;-;-;-;-;-
9640;21;-;-;-;-;-
9639;21;-;-;-;-;-
9638;21;-;-;-;-;-
9637;21;-;-;-;-;-
9636;21;-;-;-;-;-
9635;21;-;-;-;-;-
9634;21;-;-;-;-;-
9633;21;-;-;-;-;-
9632;21;-;-;-;-;-
9631;20;-;-;-;-;-
9630;20;-;-;-;-;-
9629;20;-;-;-;-;-
9628;20;-;-;-;-;-
9627;20;-;-;-;-;-
9626;20;-;-;-;-;-
9625;20;-;-;-;-;-
9624;20;-;-;-;-;-
9623;20;-;-;-;-;-
9622;20;-;-;-;-;-
9621;20;-;-;-;-;-
9620;20;-;-;-;-;-
9619;20;-;-;-;-;-
9618;20;-;-;-;-;-
9617;20;-;-;-;-;-
9616;20;-;-;-;-;-
9615;20;-;-;-;-;-
9614;20;-;-;-;-;-
9613;20;-;-;-;-;-
9612;20;-;-;-;-;-
9611;20;-;-;-;-;-
9610;20;-;-;-;-;-
9609;20;-;-;-;-;-
9608;20;-;-;-;-;-
9607;20;-;-;-;-;-
9606;20;-;-;-;-;-
9605;20;-;-;-;-;-
9604;20;-;-;-;-;-
9603;20;-;-;-;-;-
9602;20;-;-;-;-;-
9601;20;-;-;-;-;-
9600;20;-;-;-;-;-
9599;20;-;-;-;-;-
9598;20;-;-;-;-;-
9597;20;-;-;-;-;-
9596;20;-;-;-;-;-
9595;20;-;-;-;-;-
9594;20;-;-;-;-;-
9593;20;-;-;-;-;-
9592;20;-;-;-;-;-
9591;20;-;-;-;-;-
9590;20;-;-;-;-;-
9589;20;-;-;-;-;-
9588;20;-;-;-;-;-
9587;20;-;-;-;-;-
9586;20;-;-;-;-;-
9585;20;-;-;-;-;-
9584;20;-;-;-;-;-
9583;20;-;-;-;-;-
9582;20;-;-;-;-;-
9581;20;-;-;-;-;-
9580;20;-;-;-;-;-
9579;20;-;-;-;-;-
9578;20;-;-;-;-;-
9577;20;-;-;-;-;-
9576;20;-;-;-;-;-
9575;20;-;-;-;-;-
9574;20;-;-;-;-;-
9573;20;-;-;-;-;-
9572;20;-;-;-;-;-
9571;20;-;-;-;-;-
9570;20;-;-;-;-;-
9569;20;-;-;-;-;-
9568;20;-;-;-;-;-
9567;20;-;-;-;-;-
9566;20;-;-;-;-;-
9565;20;-;-;-;-;-
9564;20;-;-;-;-;-
9563;20;-;-;-;-;-
9562;20;-;-;-;-;-
9561;20;-;-;-;-;-
9560;20;-;-;-;-;-
9559;20;-;-;-;-;-
9558;20;-;-;-;-;-
9557;20;-;-;-;-;-
9556;20;-;-;-;-;-
9555;20;-;-;-;-;-
9554;20;-;-;-;-;-
9553;20;-;-;-;-;-
9552;20;-;-;-;-;-
9551;20;-;-;-;-;-
9550;20;-;-;-;-;-
9549;20;-;-;-;-;-
9548;20;-;-;-;-;-
9547;20;-;-;-;-;-
9546;20;-;-;-;-;-
9545;20;-;-;-;-;-
9544;20;-;-;-;-;-
9543;20;-;-;-;-;-
9542;20;-;-;-;-;-
9541;20;-;-;-;-;-
9540;20;-;-;-;-;-
9539;20;-;-;-;-;-
9538;20;-;-;-;-;-
9537;20;-;-;-;-;-
9536;20;-;-;-;-;-
9535;19;-;-;-;-;-
9534;19;-;-;-;-;-
9533;19;-;-;-;-;-
9532;19;-;-;-;-;-
9531;19;-;-;-;-;-
9530;19;-;-;-;-;-
9529;19;-;-;-;-;-
9528;19;-;-;-;-;-
9527;19;-;-;-;-;-
9526;19;-;-;-;-;-
9525;19;-;-;-;-;-
9524;19;-;-;-;-;-
9523;19;-;-;-;-;-
9522;19;-;-;-;-;-
9521;19;-;-;-;-;-
9520;19;-;-;-;-;-
9519;19;-;-;-;-;-
9518;19;-;-;-;-;-
9517;19;-;-;-;-;-
9516;19;-;-;-;-;-
9515;19;-;-;-;-;-
9514;19;-;-;-;-;-
9513;19;-;-;-;-;-
9512;19;-;-;-;-;-
9511;19;-;-;-;-;-
9510;19;-;-;-;-;-
9509;19;-;-;-;-;-
9508;19;-;-;-;-;-
9507;19;-;-;-;-;-
9506;19;-;-;-;-;-
9505;19;-;-;-;-;-
9504;19;-;-;-;-;-
9503;19;-;-;-;-;-
9502;19;-;-;-;-;-
9501;19;-;-;-;-;-
9500;19;-;-;-;-;-
9499;19;-;-;-;-;-
9498;19;-;-;-;-;-
9497;19;-;-;-;-;-
9496;19;-;-;-;-;-
9495;19;-;-;-;-;-
9494;19;-;-;-;-;-
9493;19;-;-;-;-;-
9492;19;-;-;-;-;-
9491;19;-;-;-;-;-
9490;19;-;-;-;-;-
9489;19;-;-;-;-;-
9488;19;-;-;-;-;-
9487;19;-;-;-;-;-
9486;19;-;-;-;-;-
9485;19;-;-;-;-;-
9484;19;-;-;-;-;-
9483;19;-;-;-;-;-
9482;19;-;-;-;-;-
9481;19;-;-;-;-;-
9480;19;-;-;-;-;-
9479;19;-;-;-;-;-
9478;19;-;-;-;-;-
9477;19;-;-;-;-;-
9476;19;-;-;-;-;-
9475;19;-;-;-;-;-
9474;19;-;-;-;-;-
9473;19;-;-;-;-;-
9472;19;-;-;-;-;-
9471;19;-;-;-;-;-
9470;19;-;-;-;-;-
9469;19;-;-;-;-;-
9468;19;-;-;-;-;-
9467;19;-;-;-;-;-
9466;19;-;-;-;-;-
9465;19;-;-;-;-;-
9464;19;-;-;-;-;-
9463;19;-;-;-;-;-
9462;19;-;-;-;-;-
9461;19;-;-;-;-;-
9460;19;-;-;-;-;-
9459;19;-;-;-;-;-
9458;19;-;-;-;-;-
9457;19;-;-;-;-;-
9456;19;-;-;-;-;-
9455;19;-;-;-;-;-
9454;19;-;-;-;-;-
9453;19;-;-;-;-;-
9452;19;-;-;-;-;-
9451;19;-;-;-;-;-
9450;19;-;-;-;-;-
9449;19;-;-;-;-;-
9448;19;-;-;-;-;-
9447;19;-;-;-;-;-
9446;19;-;-;-;-;-
9445;19;-;-;-;-;-
9444;19;-;-;-;-;-
9443;19;-;-;-;-;-
9442;19;-;-;-;-;-
9441;19;-;-;-;-;-
9440;19;-;-;-;-;-
9439;18;-;-;-;-;-
9438;18;-;-;-;-;-
9437;18;-;-;-;-;-
9436;18;-;-;-;-;-
9435;18;-;-;-;-;-
9434;18;-;-;-;-;-
9433;18;-;-;-;-;-
9432;18;-;-;-;-;-
9431;18;-;-;-;-;-
9430;18;-;-;-;-;-
9429;18;-;-;-;-;-
9428;18;-;-;-;-;-
9427;18;-;-;-;-;-
9426;18;-;-;-;-;-
9425;18;-;-;-;-;-
9424;18;-;-;-;-;-
9423;18;-;-;-;-;-
9422;18;-;-;-;-;-
9421;18;-;-;-;-;-
9420;18;-;-;-;-;-
9419;18;-;-;-;-;-
9418;18;-;-;-;-;-
9417;18;-;-;-;-;-
9416;18;-;-;-;-;-
9415;18;-;-;-;-;-
9414;18;-;-;-;-;-
9413;18;-;-;-;-;-
9412;18;-;-;-;-;-
9411;18;-;-;-;-;-
9410;18;-;-;-;-;-
9409;18;-;-;-;-;-
9408;18;-;-;-;-;-
9407;18;-;-;-;-;-
9406;18;-;-;-;-;-
9405;18;-;-;-;-;-
9404;18;-;-;-;-;-
9403;18;-;-;-;-;-
9402;18;-;-;-;-;-
9401;18;-;-;-;-;-
9400;18;-;-;-;-;-
9399;18;-;-;-;-;-
9398;18;-;-;-;-;-
9397;18;-;-;-;-;-
9396;18;-;-;-;-;-
9395;18;-;-;-;-;-
9394;18;-;-;-;-;-
9393;18;-;-;-;-;-
9392;18;-;-;-;-;-
9391;18;-;-;-;-;-
9390;18;-;-;-;-;-
9389;18;-;-;-;-;-
9388;18;-;-;-;-;-
9387;18;-;-;-;-;-
9386;18;-;-;-;-;-
9385;18;-;-;-;-;-
9384;18;-;-;-;-;-
9383;18;-;-;-;-;-
9382;18;-;-;-;-;-
9381;18;-;-;-;-;-
9380;18;-;-;-;-;-
9379;18;-;-;-;-;-
9378;18;-;-;-;-;-
9377;18;-;-;-;-;-
9376;18;-;-;-;-;-
9375;18;-;-;-;-;-
9374;18;-;-;-;-;-
9373;18;-;-;-;-;-
9372;18;-;-;-;-;-
9371;18;-;-;-;-;-
9370;18;-;-;-;-;-
9369;18;-;-;-;-;-
9368;18;-;-;-;-;-
9367;18;-;-;-;-;-
9366;18;-;-;-;-;-
9365;18;-;-;-;-;-
9364;18;-;-;-;-;-
9363;18;-;-;-;-;-
9362;18;-;-;-;-;-
9361;18;-;-;-;-;-
9360;18;-;-;-;-;-
9359;18;-;-;-;-;-
9358;18;-;-;-;-;-
9357;18;-;-;-;-;-
9356;18;-;-;-;-;-
9355;18;-;-;-;-;-
9354;18;-;-;-;-;-
9353;18;-;-;-;-;-
9352;18;-;-;-;-;-
9351;18;-;-;-;-;-
9350;18;-;-;-;-;-
9349;18;-;-;-;-;-
9348;18;-;-;-;-;-
9347;18;-;-;-;-;-
9346;18;-;-;-;-;-
9345;18;-;-;-;-;-
9344;18;-;-;-;-;-
9343;17;-;-;-;-;-
9342;17;-;-;-;-;-
9341;17;-;-;-;-;-
9340;17;-;-;-;-;-
9339;17;-;-;-;-;-
9338;17;-;-;-;-;-
9337;17;-;-;-;-;-
9336;17;-;-;-;-;-
9335;17;-;-;-;-;-
9334;17;-;-;-;-;-
9333;17;-;-;-;-;-
9332;17;-;-;-;-;-
9331;17;-;-;-;-;-
9330;17;-;-;-;-;-
9329;17;-;-;-;-;-
9328;17;-;-;-;-;-
9327;17;-;-;-;-;-
9326;17;-;-;-;-;-
9325;17;-;-;-;-;-
9324;17;-;-;-;-;-
9323;17;-;-;-;-;-
9322;17;-;-;-;-;-
9321;17;-;-;-;-;-
9320;17;-;-;-;-;-
9319;17;-;-;-;-;-
9318;17;-;-;-;-;-
9317;17;-;-;-;-;-
9316;17;-;-;-;-;-
9315;17;-;-;-;-;-
9314;17;-;-;-;-;-
9313;17;-;-;-;-;-
9312;17;-;-;-;-;-
9311;17;-;-;-;-;-
9310;17;-;-;-;-;-
9309;17;-;-;-;-;-
9308;17;-;-;-;-;-
9307;17;-;-;-;-;-
9306;17;-;-;-;-;-
9305;17;-;-;-;-;-
9304;17;-;-;-;-;-
9303;17;-;-;-;-;-
9302;17;-;-;-;-;-
9301;17;-;-;-;-;-
9300;17;-;-;-;-;-
9299;17;-;-;-;-;-
9298;17;-;-;-;-;-
9297;17;-;-;-;-;-
9296;17;-;-;-;-;-
9295;17;-;-;-;-;-
9294;17;-;-;-;-;-
9293;17;-;-;-;-;-
9292;17;-;-;-;-;-
9291;17;-;-;-;-;-
9290;17;-;-;-;-;-
9289;17;-;-;-;-;-
9288;17;-;-;-;-;-
9287;17;-;-;-;-;-
9286;17;-;-;-;-;-
9285;17;-;-;-;-;-
9284;17;-;-;-;-;-
9283;17;-;-;-;-;-
9282;17;-;-;-;-;-
9281;17;-;-;-;-;-
9280;17;-;-;-;-;-
9279;17;-;-;-;-;-
9278;17;-;-;-;-;-
9277;17;-;-;-;-;-
9276;17;-;-;-;-;-
9275;17;-;-;-;-;-
9274;17;-;-;-;-;-
9273;17;-;-;-;-;-
9272;17;-;-;-;-;-
9271;17;-;-;-;-;-
9270;17;-;-;-;-;-
9269;17;-;-;-;-;-
9268;17;-;-;-;-;-
9267;17;-;-;-;-;-
9266;17;-;-;-;-;-
9265;17;-;-;-;-;-
9264;17;-;-;-;-;-
9263;17;-;-;-;-;-
9262;17;-;-;-;-;-
9261;17;-;-;-;-;-
9260;17;-;-;-;-;-
9259;17;-;-;-;-;-
9258;17;-;-;-;-;-
9257;17;-;-;-;-;-
9256;17;-;-;-;-;-
9255;17;-;-;-;-;-
9254;17;-;-;-;-;-
9253;17;-;-;-;-;-
9252;17;-;-;-;-;-
9251;17;-;-;-;-;-
9250;17;-;-;-;-;-
9249;17;-;-;-;-;-
9248;17;-;-;-;-;-
9247;16;-;-;-;-;-
9246;16;-;-;-;-;-
9245;16;-;-;-;-;-
9244;16;-;-;-;-;-
9243;16;-;-;-;-;-
9242;16;-;-;-;-;-
9241;16;-;-;-;-;-
9240;16;-;-;-;-;-
9239;16;-;-;-;-;-
9238;16;-;-;-;-;-
9237;16;-;-;-;-;-
9236;16;-;-;-;-;-
9235;16;-;-;-;-;-
9234;16;-;-;-;-;-
9233;16;-;-;-;-;-
9232;16;-;-;-;-;-
9231;16;-;-;-;-;-
9230;16;-;-;-;-;-
9229;16;-;-;-;-;-
9228;16;-;-;-;-;-
9227;16;-;-;-;-;-
9226;16;-;-;-;-;-
9225;16;-;-;-;-;-
9224;16;-;-;-;-;-
9223;16;-;-;-;-;-
9222;16;-;-;-;-;-
9221;16;-;-;-;-;-
9220;16;-;-;-;-;-
9219;16;-;-;-;-;-
9218;16;-;-;-;-;-
9217;16;-;-;-;-;-
9216;16;-;-;-;-;-
9215;16;-;-;-;-;-
9214;16;-;-;-;-;-
9213;16;-;-;-;-;-
9212;16;-;-;-;-;-
9211;16;-;-;-;-;-
9210;16;-;-;-;-;-
9209;16;-;-;-;-;-
9208;16;-;-;-;-;-
9207;16;-;-;-;-;-
9206;16;-;-;-;-;-
9205;16;-;-;-;-;-
9204;16;-;-;-;-;-
9203;16;-;-;-;-;-
9202;16;-;-;-;-;-
9201;16;-;-;-;-;-
9200;16;-;-;-;-;-
9199;16;-;-;-;-;-
9198;16;-;-;-;-;-
9197;16;-;-;-;-;-
9196;16;-;-;-;-;-
9195;16;-;-;-;-;-
9194;16;-;-;-;-;-
9193;16;-;-;-;-;-
9192;16;-;-;-;-;-
9191;16;-;-;-;-;-
9190;16;-;-;-;-;-
9189;16;-;-;-;-;-
9188;16;-;-;-;-;-
9187;16;-;-;-;-;-
9186;16;-;-;-;-;-
9185;16;-;-;-;-;-
9184;16;-;-;-;-;-
9183;16;-;-;-;-;-
9182;16;-;-;-;-;-
9181;16;-;-;-;-;-
9180;16;-;-;-;-;-
9179;16;-;-;-;-;-
9178;16;-;-;-;-;-
9177;16;-;-;-;-;-
9176;16;-;-;-;-;-
9175;16;-;-;-;-;-
9174;16;-;-;-;-;-
9173;16;-;-;-;-;-
9172;16;-;-;-;-;-
9171;16;-;-;-;-;-
9170;16;-;-;-;-;-
9169;16;-;-;-;-;-
9168;16;-;-;-;-;-
9167;16;-;-;-;-;-
9166;16;-;-;-;-;-
9165;16;-;-;-;-;-
9164;16;-;-;-;-;-
9163;16;-;-;-;-;-
9162;16;-;-;-;-;-
9161;16;-;-;-;-;-
9160;16;-;-;-;-;-
9159;16;-;-;-;-;-
9158;16;-;-;-;-;-
9157;16;-;-;-;-;-
9156;16;-;-;-;-;-
9155;16;-;-;-;-;-
9154;16;-;-;-;-;-
9153;16;-;-;-;-;-
9152;16;-;-;-;-;-
9151;15;-;-;-;-;-
9150;15;-;-;-;-;-
9149;15;-;-;-;-;-
9148;15;-;-;-;-;-
9147;15;-;-;-;-;-
9146;15;-;-;-;-;-
9145;15;-;-;-;-;-
9144;15;-;-;-;-;-
9143;15;-;-;-;-;-
9142;15;-;-;-;-;-
9141;15;-;-;-;-;-
9140;15;-;-;-;-;-
9139;15;-;-;-;-;-
9138;15;-;-;-;-;-
9137;15;-;-;-;-;-
9136;15;-;-;-;-;-
9135;15;-;-;-;-;-
9134;15;-;-;-;-;-
9133;15;-;-;-;-;-
9132;15;-;-;-;-;-
9131;15;-;-;-;-;-
9130;15;-;-;-;-;-
9129;15;-;-;-;-;-
9128;15;-;-;-;-;-
9127;15;-;-;-;-;-
9126;15;-;-;-;-;-
9125;15;-;-;-;-;-
9124;15;-;-;-;-;-
9123;15;-;-;-;-;-
9122;15;-;-;-;-;-
9121;15;-;-;-;-;-
9120;15;-;-;-;-;-
9119;15;-;-;-;-;-
9118;15;-;-;-;-;-
9117;15;-;-;-;-;-
9116;15;-;-;-;-;-
9115;15;-;-;-;-;-
9114;15;-;-;-;-;-
9113;15;-;-;-;-;-
9112;15;-;-;-;-;-
9111;15;-;-;-;-;-
9110;15;-;-;-;-;-
9109;15;-;-;-;-;-
9108;15;-;-;-;-;-
9107;15;-;-;-;-;-
9106;15;-;-;-;-;-
9105;15;-;-;-;-;-
9104;15;-;-;-;-;-
9103;15;-;-;-;-;-
9102;15;-;-;-;-;-
9101;15;-;-;-;-;-
9100;15;-;-;-;-;-
9099;15;-;-;-;-;-
9098;15;-;-;-;-;-
9097;15;-;-;-;-;-
9096;15;-;-;-;-;-
9095;15;-;-;-;-;-
9094;15;-;-;-;-;-
9093;15;-;-;-;-;-
9092;15;-;-;-;-;-
9091;15;-;-;-;-;-
9090;15;-;-;-;-;-
9089;15;-;-;-;-;-
9088;15;-;-;-;-;-
9087;15;-;-;-;-;-
9086;15;-;-;-;-;-
9085;15;-;-;-;-;-
9084;15;-;-;-;-;-
9083;15;-;-;-;-;-
9082;15;-;-;-;-;-
9081;15;-;-;-;-;-
9080;15;-;-;-;-;-
9079;15;-;-;-;-;-
9078;15;-;-;-;-;-
9077;15;-;-;-;-;-
9076;15;-;-;-;-;-
9075;15;-;-;-;-;-
9074;15;-;-;-;-;-
9073;15;-;-;-;-;-
9072;15;-;-;-;-;-
9071;15;-;-;-;-;-
9070;15;-;-;-;-;-
9069;15;-;-;-;-;-
9068;15;-;-;-;-;-
9067;15;-;-;-;-;-
9066;15;-;-;-;-;-
9065;15;-;-;-;-;-
9064;15;-;-;-;-;-
9063;15;-;-;-;-;-
9062;15;-;-;-;-;-
9061;15;-;-;-;-;-
9060;15;-;-;-;-;-
9059;15;-;-;-;-;-
9058;15;-;-;-;-;-
9057;15;-;-;-;-;-
9056;15;-;-;-;-;-
9055;14;-;-;-;-;-
9054;14;-;-;-;-;-
9053;14;-;-;-;-;-
9052;14;-;-;-;-;-
9051;14;-;-;-;-;-
9050;14;-;-;-;-;-
9049;14;-;-;-;-;-
9048;14;-;-;-;-;-
9047;14;-;-;-;-;-
9046;14;-;-;-;-;-
9045;14;-;-;-;-;-
9044;14;-;-;-;-;-
9043;14;-;-;-;-;-
9042;14;-;-;-;-;-
9041;14;-;-;-;-;-
9040;14;-;-;-;-;-
9039;14;-;-;-;-;-
9038;14;-;-;-;-;-
9037;14;-;-;-;-;-
9036;14;-;-;-;-;-
9035;14;-;-;-;-;-
9034;14;-;-;-;-;-
9033;14;-;-;-;-;-
9032;14;-;-;-;-;-
9031;14;-;-;-;-;-
9030;14;-;-;-;-;-
9029;14;-;-;-;-;-
9028;14;-;-;-;-;-
9027;14;-;-;-;-;-
9026;14;-;-;-;-;-
9025;14;-;-;-;-;-
9024;14;-;-;-;-;-
9023;14;-;-;-;-;-
9022;14;-;-;-;-;-
9021;14;-;-;-;-;-
9020;14;-;-;-;-;-
9019;14;-;-;-;-;-
9018;14;-;-;-;-;-
9017;14;-;-;-;-;-
9016;14;-;-;-;-;-
9015;14;-;-;-;-;-
9014;14;-;-;-;-;-
9013;14;-;-;-;-;-
9012;14;-;-;-;-;-
9011;14;-;-;-;-;-
9010;14;-;-;-;-;-
9009;14;-;-;-;-;-
9008;14;-;-;-;-;-
9007;14;-;-;-;-;-
9006;14;-;-;-;-;-
9005;14;-;-;-;-;-
9004;14;-;-;-;-;-
9003;14;-;-;-;-;-
9002;14;-;-;-;-;-
9001;14;-;-;-;-;-
9000;14;-;-;-;-;-
8999;14;-;-;-;-;-
8998;14;-;-;-;-;-
8997;14;-;-;-;-;-
8996;14;-;-;-;-;-
8995;14;-;-;-;-;-
8994;14;-;-;-;-;-
8993;14;-;-;-;-;-
8992;14;-;-;-;-;-
8991;14;-;-;-;-;-
8990;14;-;-;-;-;-
8989;14;-;-;-;-;-
8988;14;-;-;-;-;-
8987;14;-;-;-;-;-
8986;14;-;-;-;-;-
8985;14;-;-;-;-;-
8984;14;-;-;-;-;-
8983;14;-;-;-;-;-
8982;14;-;-;-;-;-
8981;14;-;-;-;-;-
8980;14;-;-;-;-;-
8979;14;-;-;-;-;-
8978;14;-;-;-;-;-
8977;14;-;-;-;-;-
8976;14;-;-;-;-;-
8975;14;-;-;-;-;-
8974;14;-;-;-;-;-
8973;14;-;-;-;-;-
8972;14;-;-;-;-;-
8971;14;-;-;-;-;-
8970;14;-;-;-;-;-
8969;14;-;-;-;-;-
8968;14;-;-;-;-;-
8967;14;-;-;-;-;-
8966;14;-;-;-;-;-
8965;14;-;-;-;-;-
8964;14;-;-;-;-;-
8963;14;-;-;-;-;-
8962;14;-;-;-;-;-
8961;14;-;-;-;-;-
8960;14;-;-;-;-;-
8959;13;-;-;-;-;-
8958;13;-;-;-;-;-
8957;13;-;-;-;-;-
8956;13;-;-;-;-;-
8955;13;-;-;-;-;-
8954;13;-;-;-;-;-
8953;13;-;-;-;-;-
8952;13;-;-;-;-;-
8951;13;-;-;-;-;-
8950;13;-;-;-;-;-
8949;13;-;-;-;-;-
8948;13;-;-;-;-;-
8947;13;-;-;-;-;-
8946;13;-;-;-;-;-
8945;13;-;-;-;-;-
8944;13;-;-;-;-;-
8943;13;-;-;-;-;-
8942;13;-;-;-;-;-
8941;13;-;-;-;-;-
8940;13;-;-;-;-;-
8939;13;-;-;-;-;-
8938;13;-;-;-;-;-
8937;13;-;-;-;-;-
8936;13;-;-;-;-;-
8935;13;-;-;-;-;-
8934;13;-;-;-;-;-
8933;13;-;-;-;-;-
8932;13;-;-;-;-;-
8931;13;-;-;-;-;-
8930;13;-;-;-;-;-
8929;13;-;-;-;-;-
8928;13;-;-;-;-;-
8927;13;-;-;-;-;-
8926;13;-;-;-;-;-
8925;13;-;-;-;-;-
8924;13;-;-;-;-;-
8923;13;-;-;-;-;-
8922;13;-;-;-;-;-
8921;13;-;-;-;-;-
8920;13;-;-;-;-;-
8919;13;-;-;-;-;-
8918;13;-;-;-;-;-
8917;13;-;-;-;-;-
8916;13;-;-;-;-;-
8915;13;-;-;-;-;-
8914;13;-;-;-;-;-
8913;13;-;-;-;-;-
8912;13;-;-;-;-;-
8911;13;-;-;-;-;-
8910;13;-;-;-;-;-
8909;13;-;-;-;-;-
8908;13;-;-;-;-;-
8907;13;-;-;-;-;-
8906;13;-;-;-;-;-
8905;13;-;-;-;-;-
8904;13;-;-;-;-;-
8903;13;-;-;-;-;-
8902;13;-;-;-;-;-
8901;13;-;-;-;-;-
8900;13;-;-;-;-;-
8899;13;-;-;-;-;-
8898;13;-;-;-;-;-
8897;13;-;-;-;-;-
8896;13;-;-;-;-;-
8895;13;-;-;-;-;-
8894;13;-;-;-;-;-
8893;13;-;-;-;-;-
8892;13;-;-;-;-;-
8891;13;-;-;-;-;-
8890;13;-;-;-;-;-
8889;13;-;-;-;-;-
8888;13;-;-;-;-;-
8887;13;-;-;-;-;-
8886;13;-;-;-;-;-
8885;13;-;-;-;-;-
8884;13;-;-;-;-;-
8883;13;-;-;-;-;-
8882;13;-;-;-;-;-
8881;13;-;-;-;-;-
8880;13;-;-;-;-;-
8879;13;-;-;-;-;-
8878;13;-;-;-;-;-
8877;13;-;-;-;-;-
8876;13;-;-;-;-;-
8875;13;-;-;-;-;-
8874;13;-;-;-;-;-
8873;13;-;-;-;-;-
8872;13;-;-;-;-;-
8871;13;-;-;-;-;-
8870;13;-;-;-;-;-
8869;13;-;-;-;-;-
8868;13;-;-;-;-;-
8867;13;-;-;-;-;-
8866;13;-;-;-;-;-
8865;13;-;-;-;-;-
8864;13;-;-;-;-;-
8863;12;-;-;-;-;-
8862;12;-;-;-;-;-
8861;12;-;-;-;-;-
8860;12;-;-;-;-;-
8859;12;-;-;-;-;-
8858;12;-;-;-;-;-
8857;12;-;-;-;-;-
8856;12;-;-;-;-;-
8855;12;-;-;-;-;-
8854;12;-;-;-;-;-
8853;12;-;-;-;-;-
8852;12;-;-;-;-;-
8851;12;-;-;-;-;-
8850;12;-;-;-;-;-
8849;12;-;-;-;-;-
8848;12;-;-;-;-;-
8847;12;-;-;-;-;-
8846;12;-;-;-;-;-
8845;12;-;-;-;-;-
8844;12;-;-;-;-;-
8843;12;-;-;-;-;-
8842;12;-;-;-;-;-
8841;12;-;-;-;-;-
8840;12;-;-;-;-;-
8839;12;-;-;-;-;-
8838;12;-;-;-;-;-
8837;12;-;-;-;-;-
8836;12;-;-;-;-;-
8835;12;-;-;-;-;-
8834;12;-;-;-;-;-
8833;12;-;-;-;-;-
8832;12;-;-;-;-;-
8831;12;-;-;-;-;-
8830;12;-;-;-;-;-
8829;12;-;-;-;-;-
8828;12;-;-;-;-;-
8827;12;-;-;-;-;-
8826;12;-;-;-;-;-
8825;12;-;-;-;-;-
8824;12;-;-;-;-;-
8823;12;-;-;-;-;-
8822;12;-;-;-;-;-
8821;12;-;-;-;-;-
8820;12;-;-;-;-;-
8819;12;-;-;-;-;-
8818;12;-;-;-;-;-
8817;12;-;-;-;-;-
8816;12;-;-;-;-;-
8815;12;-;-;-;-;-
8814;12;-;-;-;-;-
8813;12;-;-;-;-;-
8812;12;-;-;-;-;-
8811;12;-;-;-;-;-
8810;12;-;-;-;-;-
8809;12;-;-;-;-;-
8808;12;-;-;-;-;-
8807;12;-;-;-;-;-
8806;12;-;-;-;-;-
8805;12;-;-;-;-;-
8804;12;-;-;-;-;-
8803;12;-;-;-;-;-
8802;12;-;-;-;-;-
8801;12;-;-;-;-;-
8800;12;-;-;-;-;-
8799;12;-;-;-;-;-
8798;12;-;-;-;-;-
8797;12;-;-;-;-;-
8796;12;-;-;-;-;-
8795;12;-;-;-;-;-
8794;12;-;-;-;-;-
8793;12;-;-;-;-;-
8792;12;-;-;-;-;-
8791;12;-;-;-;-;-
8790;12;-;-;-;-;-
8789;12;-;-;-;-;-
8788;12;-;-;-;-;-
8787;12;-;-;-;-;-
8786;12;-;-;-;-;-
8785;12;-;-;-;-;-
8784;12;-;-;-;-;-
8783;12;-;-;-;-;-
8782;12;-;-;-;-;-
8781;12;-;-;-;-;-
8780;12;-;-;-;-;-
8779;12;-;-;-;-;-
8778;12;-;-;-;-;-
8777;12;-;-;-;-;-
8776;12;-;-;-;-;-
8775;12;-;-;-;-;-
8774;12;-;-;-;-;-
8773;12;-;-;-;-;-
8772;12;-;-;-;-;-
8771;12;-;-;-;-;-
8770;12;-;-;-;-;-
8769;12;-;-;-;-;-
8768;12;-;-;-;-;-
8767;11;-;-;-;-;-
8766;11;-;-;-;-;-
8765;11;-;-;-;-;-
8764;11;-;-;-;-;-
8763;11;-;-;-;-;-
8762;11;-;-;-;-;-
8761;11;-;-;-;-;-
8760;11;-;-;-;-;-
8759;11;-;-;-;-;-
8758;11;-;-;-;-;-
8757;11;-;-;-;-;-
8756;11;-;-;-;-;-
8755;11;-;-;-;-;-
8754;11;-;-;-;-;-
8753;11;-;-;-;-;-
8752;11;-;-;-;-;-
8751;11;-;-;-;-;-
8750;11;-;-;-;-;-
8749;11;-;-;-;-;-
8748;11;-;-;-;-;-
8747;11;-;-;-;-;-
8746;11;-;-;-;-;-
8745;11;-;-;-;-;-
8744;11;-;-;-;-;-
8743;11;-;-;-;-;-
8742;11;-;-;-;-;-
8741;11;-;-;-;-;-
8740;11;-;-;-;-;-
8739;11;-;-;-;-;-
8738;11;-;-;-;-;-
8737;11;-;-;-;-;-
8736;11;-;-;-;-;-
8735;11;-;-;-;-;-
8734;11;-;-;-;-;-
8733;11;-;-;-;-;-
8732;11;-;-;-;-;-
8731;11;-;-;-;-;-
8730;11;-;-;-;-;-
8729;11;-;-;-;-;-
8728;11;-;-;-;-;-
8727;11;-;-;-;-;-
8726;11;-;-;-;-;-
8725;11;-;-;-;-;-
8724;11;-;-;-;-;-
8723;11;-;-;-;-;-
8722;11;-;-;-;-;-
8721;11;-;-;-;-;-
8720;11;-;-;-;-;-
8719;11;-;-;-;-;-
8718;11;-;-;-;-;-
8717;11;-;-;-;-;-
8716;11;-;-;-;-;-
8715;11;-;-;-;-;-
8714;11;-;-;-;-;-
8713;11;-;-;-;-;-
8712;11;-;-;-;-;-
8711;11;-;-;-;-;-
8710;11;-;-;-;-;-
8709;11;-;-;-;-;-
8708;11;-;-;-;-;-
8707;11;-;-;-;-;-
8706;11;-;-;-;-;-
8705;11;-;-;-;-;-
8704;11;-;-;-;-;-
8703;11;-;-;-;-;-
8702;11;-;-;-;-;-
8701;11;-;-;-;-;-
8700;11;-;-;-;-;-
8699;11;-;-;-;-;-
8698;11;-;-;-;-;-
8697;11;-;-;-;-;-
8696;11;-;-;-;-;-
8695;11;-;-;-;-;-
8694;11;-;-;-;-;-
8693;11;-;-;-;-;-
8692;11;-;-;-;-;-
8691;11;-;-;-;-;-
8690;11;-;-;-;-;-
8689;11;-;-;-;-;-
8688;11;-;-;-;-;-
8687;11;-;-;-;-;-
8686;11;-;-;-;-;-
8685;11;-;-;-;-;-
8684;11;-;-;-;-;-
8683;11;-;-;-;-;-
8682;11;-;-;-;-;-
8681;11;-;-;-;-;-
8680;11;-;-;-;-;-
8679;11;-;-;-;-;-
8678;11;-;-;-;-;-
8677;11;-;-;-;-;-
8676;11;-;-;-;-;-
8675;11;-;-;-;-;-
8674;11;-;-;-;-;-
8673;11;-;-;-;-;-
8672;11;-;-;-;-;-
8671;10;-;-;-;-;-
8670;10;-;-;-;-;-
8669;10;-;-;-;-;-
8668;10;-;-;-;-;-
8667;10;-;-;-;-;-
8666;10;-;-;-;-;-
8665;10;-;-;-;-;-
8664;10;-;-;-;-;-
8663;10;-;-;-;-;-
8662;10;-;-;-;-;-
8661;10;-;-;-;-;-
8660;10;-;-;-;-;-
8659;10;-;-;-;-;-
8658;10;-;-;-;-;-
8657;10;-;-;-;-;-
8656;10;-;-;-;-;-
8655;10;-;-;-;-;-
8654;10;-;-;-;-;-
8653;10;-;-;-;-;-
8652;10;-;-;-;-;-
8651;10;-;-;-;-;-
8650;10;-;-;-;-;-
8649;10;-;-;-;-;-
8648;10;-;-;-;-;-
8647;10;-;-;-;-;-
8646;10;-;-;-;-;-
8645;10;-;-;-;-;-
8644;10;-;-;-;-;-
8643;10;-;-;-;-;-
8642;10;-;-;-;-;-
8641;10;-;-;-;-;-
8640;10;-;-;-;-;-
8639;10;-;-;-;-;-
8638;10;-;-;-;-;-
8637;10;-;-;-;-;-
8636;10;-;-;-;-;-
8635;10;-;-;-;-;-
8634;10;-;-;-;-;-
8633;10;-;-;-;-;-
8632;10;-;-;-;-;-
8631;10;-;-;-;-;-
8630;10;-;-;-;-;-
8629;10;-;-;-;-;-
8628;10;-;-;-;-;-
8627;10;-;-;-;-;-
8626;10;-;-;-;-;-
8625;10;-;-;-;-;-
8624;10;-;-;-;-;-
8623;10;-;-;-;-;-
8622;10;-;-;-;-;-
8621;10;-;-;-;-;-
8620;10;-;-;-;-;-
8619;10;-;-;-;-;-
8618;10;-;-;-;-;-
8617;10;-;-;-;-;-
8616;10;-;-;-;-;-
8615;10;-;-;-;-;-
8614;10;-;-;-;-;-
8613;10;-;-;-;-;-
8612;10;-;-;-;-;-
8611;10;-;-;-;-;-
8610;10;-;-;-;-;-
8609;10;-;-;-;-;-
8608;10;-;-;-;-;-
8607;10;-;-;-;-;-
8606;10;-;-;-;-;-
8605;10;-;-;-;-;-
8604;10;-;-;-;-;-
8603;10;-;-;-;-;-
8602;10;-;-;-;-;-
8601;10;-;-;-;-;-
8600;10;-;-;-;-;-
8599;10;-;-;-;-;-
8598;10;-;-;-;-;-
8597;10;-;-;-;-;-
8596;10;-;-;-;-;-
8595;10;-;-;-;-;-
8594;10;-;-;-;-;-
8593;10;-;-;-;-;-
8592;10;-;-;-;-;-
8591;10;-;-;-;-;-
8590;10;-;-;-;-;-
8589;10;-;-;-;-;-
8588;10;-;-;-;-;-
8587;10;-;-;-;-;-
8586;10;-;-;-;-;-
8585;10;-;-;-;-;-
8584;10;-;-;-;-;-
8583;10;-;-;-;-;-
8582;10;-;-;-;-;-
8581;10;-;-;-;-;-
8580;10;-;-;-;-;-
8579;10;-;-;-;-;-
8578;10;-;-;-;-;-
8577;10;-;-;-;-;-
8576;10;-;-;-;-;-
8575;09;-;-;-;-;-
8574;09;-;-;-;-;-
8573;09;-;-;-;-;-
8572;09;-;-;-;-;-
8571;09;-;-;-;-;-
8570;09;-;-;-;-;-
8569;09;-;-;-;-;-
8568;09;-;-;-;-;-
8567;09;-;-;-;-;-
8566;09;-;-;-;-;-
8565;09;-;-;-;-;-
8564;09;-;-;-;-;-
8563;09;-;-;-;-;-
8562;09;-;-;-;-;-
8561;09;-;-;-;-;-
8560;09;-;-;-;-;-
8559;09;-;-;-;-;-
8558;09;-;-;-;-;-
8557;09;-;-;-;-;-
8556;09;-;-;-;-;-
8555;09;-;-;-;-;-
8554;09;-;-;-;-;-
8553;09;-;-;-;-;-
8552;09;-;-;-;-;-
8551;09;-;-;-;-;-
8550;09;-;-;-;-;-
8549;09;-;-;-;-;-
8548;09;-;-;-;-;-
8547;09;-;-;-;-;-
8546;09;-;-;-;-;-
8545;09;-;-;-;-;-
8544;09;-;-;-;-;-
8543;09;-;-;-;-;-
8542;09;-;-;-;-;-
8541;09;-;-;-;-;-
8540;09;-;-;-;-;-
8539;09;-;-;-;-;-
8538;09;-;-;-;-;-
8537;09;-;-;-;-;-
8536;09;-;-;-;-;-
8535;09;-;-;-;-;-
8534;09;-;-;-;-;-
8533;09;-;-;-;-;-
8532;09;-;-;-;-;-
8531;09;-;-;-;-;-
8530;09;-;-;-;-;-
8529;09;-;-;-;-;-
8528;09;-;-;-;-;-
8527;09;-;-;-;-;-
8526;09;-;-;-;-;-
8525;09;-;-;-;-;-
8524;09;-;-;-;-;-
8523;09;-;-;-;-;-
8522;09;-;-;-;-;-
8521;09;-;-;-;-;-
8520;09;-;-;-;-;-
8519;09;-;-;-;-;-
8518;09;-;-;-;-;-
8517;09;-;-;-;-;-
8516;09;-;-;-;-;-
8515;09;-;-;-;-;-
8514;09;-;-;-;-;-
8513;09;-;-;-;-;-
8512;09;-;-;-;-;-
8511;09;-;-;-;-;-
8510;09;-;-;-;-;-
8509;09;-;-;-;-;-
8508;09;-;-;-;-;-
8507;09;-;-;-;-;-
8506;09;-;-;-;-;-
8505;09;-;-;-;-;-
8504;09;-;-;-;-;-
8503;09;-;-;-;-;-
8502;09;-;-;-;-;-
8501;09;-;-;-;-;-
8500;09;-;-;-;-;-
8499;09;-;-;-;-;-
8498;09;-;-;-;-;-
8497;09;-;-;-;-;-
8496;09;-;-;-;-;-
8495;09;-;-;-;-;-
8494;09;-;-;-;-;-
8493;09;-;-;-;-;-
8492;09;-;-;-;-;-
8491;09;-;-;-;-;-
8490;09;-;-;-;-;-
8489;09;-;-;-;-;-
8488;09;-;-;-;-;-
8487;09;-;-;-;-;-
8486;09;-;-;-;-;-
8485;09;-;-;-;-;-
8484;09;-;-;-;-;-
8483;09;-;-;-;-;-
8482;09;-;-;-;-;-
8481;09;-;-;-;-;-
8480;09;-;-;-;-;-
8479;08;-;-;-;-;-
8478;08;-;-;-;-;-
8477;08;-;-;-;-;-
8476;08;-;-;-;-;-
8475;08;-;-;-;-;-
8474;08;-;-;-;-;-
8473;08;-;-;-;-;-
8472;08;-;-;-;-;-
8471;08;-;-;-;-;-
8470;08;-;-;-;-;-
8469;08;-;-;-;-;-
8468;08;-;-;-;-;-
8467;08;-;-;-;-;-
8466;08;-;-;-;-;-
8465;08;-;-;-;-;-
8464;08;-;-;-;-;-
8463;08;-;-;-;-;-
8462;08;-;-;-;-;-
8461;08;-;-;-;-;-
8460;08;-;-;-;-;-
8459;08;-;-;-;-;-
8458;08;-;-;-;-;-
8457;08;-;-;-;-;-
8456;08;-;-;-;-;-
8455;08;-;-;-;-;-
8454;08;-;-;-;-;-
8453;08;-;-;-;-;-
8452;08;-;-;-;-;-
8451;08;-;-;-;-;-
8450;08;-;-;-;-;-
8449;08;-;-;-;-;-
8448;08;-;-;-;-;-
8447;08;-;-;-;-;-
8446;08;-;-;-;-;-
8445;08;-;-;-;-;-
8444;08;-;-;-;-;-
8443;08;-;-;-;-;-
8442;08;-;-;-;-;-
8441;08;-;-;-;-;-
8440;08;-;-;-;-;-
8439;08;-;-;-;-;-
8438;08;-;-;-;-;-
8437;08;-;-;-;-;-
8436;08;-;-;-;-;-
8435;08;-;-;-;-;-
8434;08;-;-;-;-;-
8433;08;-;-;-;-;-
8432;08;-;-;-;-;-
8431;08;-;-;-;-;-
8430;08;-;-;-;-;-
8429;08;-;-;-;-;-
8428;08;-;-;-;-;-
8427;08;-;-;-;-;-
8426;08;-;-;-;-;-
8425;08;-;-;-;-;-
8424;08;-;-;-;-;-
8423;08;-;-;-;-;-
8422;08;-;-;-;-;-
8421;08;-;-;-;-;-
8420;08;-;-;-;-;-
8419;08;-;-;-;-;-
8418;08;-;-;-;-;-
8417;08;-;-;-;-;-
8416;08;-;-;-;-;-
8415;08;-;-;-;-;-
8414;08;-;-;-;-;-
8413;08;-;-;-;-;-
8412;08;-;-;-;-;-
8411;08;-;-;-;-;-
8410;08;-;-;-;-;-
8409;08;-;-;-;-;-
8408;08;-;-;-;-;-
8407;08;-;-;-;-;-
8406;08;-;-;-;-;-
8405;08;-;-;-;-;-
8404;08;-;-;-;-;-
8403;08;-;-;-;-;-
8402;08;-;-;-;-;-
8401;08;-;-;-;-;-
8400;08;-;-;-;-;-
8399;08;-;-;-;-;-
8398;08;-;-;-;-;-
8397;08;-;-;-;-;-
8396;08;-;-;-;-;-
8395;08;-;-;-;-;-
8394;08;-;-;-;-;-
8393;08;-;-;-;-;-
8392;08;-;-;-;-;-
8391;08;-;-;-;-;-
8390;08;-;-;-;-;-
8389;08;-;-;-;-;-
8388;08;-;-;-;-;-
8387;08;-;-;-;-;-
8386;08;-;-;-;-;-
8385;08;-;-;-;-;-
8384;08;-;-;-;-;-
8383;07;-;-;-;-;-
8382;07;-;-;-;-;-
8381;07;-;-;-;-;-
8380;07;-;-;-;-;-
8379;07;-;-;-;-;-
8378;07;-;-;-;-;-
8377;07;-;-;-;-;-
8376;07;-;-;-;-;-
8375;07;-;-;-;-;-
8374;07;-;-;-;-;-
8373;07;-;-;-;-;-
8372;07;-;-;-;-;-
8371;07;-;-;-;-;-
8370;07;-;-;-;-;-
8369;07;-;-;-;-;-
8368;07;-;-;-;-;-
8367;07;-;-;-;-;-
8366;07;-;-;-;-;-
8365;07;-;-;-;-;-
8364;07;-;-;-;-;-
8363;07;-;-;-;-;-
8362;07;-;-;-;-;-
8361;07;-;-;-;-;-
8360;07;-;-;-;-;-
8359;07;-;-;-;-;-
8358;07;-;-;-;-;-
8357;07;-;-;-;-;-
8356;07;-;-;-;-;-
8355;07;-;-;-;-;-
8354;07;-;-;-;-;-
8353;07;-;-;-;-;-
8352;07;-;-;-;-;-
8351;07;-;-;-;-;-
8350;07;-;-;-;-;-
8349;07;-;-;-;-;-
8348;07;-;-;-;-;-
8347;07;-;-;-;-;-
8346;07;-;-;-;-;-
8345;07;-;-;-;-;-
8344;07;-;-;-;-;-
8343;07;-;-;-;-;-
8342;07;-;-;-;-;-
8341;07;-;-;-;-;-
8340;07;-;-;-;-;-
8339;07;-;-;-;-;-
8338;07;-;-;-;-;-
8337;07;-;-;-;-;-
8336;07;-;-;-;-;-
8335;07;-;-;-;-;-
8334;07;-;-;-;-;-
8333;07;-;-;-;-;-
8332;07;-;-;-;-;-
8331;07;-;-;-;-;-
8330;07;-;-;-;-;-
8329;07;-;-;-;-;-
8328;07;-;-;-;-;-
8327;07;-;-;-;-;-
8326;07;-;-;-;-;-
8325;07;-;-;-;-;-
8324;07;-;-;-;-;-
8323;07;-;-;-;-;-
8322;07;-;-;-;-;-
8321;07;-;-;-;-;-
8320;07;-;-;-;-;-
8319;07;-;-;-;-;-
8318;07;-;-;-;-;-
8317;07;-;-;-;-;-
8316;07;-;-;-;-;-
8315;07;-;-;-;-;-
8314;07;-;-;-;-;-
8313;07;-;-;-;-;-
8312;07;-;-;-;-;-
8311;07;-;-;-;-;-
8310;07;-;-;-;-;-
8309;07;-;-;-;-;-
8308;07;-;-;-;-;-
8307;07;-;-;-;-;-
8306;07;-;-;-;-;-
8305;07;-;-;-;-;-
8304;07;-;-;-;-;-
8303;07;-;-;-;-;-
8302;07;-;-;-;-;-
8301;07;-;-;-;-;-
8300;07;-;-;-;-;-
8299;07;-;-;-;-;-
8298;07;-;-;-;-;-
8297;07;-;-;-;-;-
8296;07;-;-;-;-;-
8295;07;-;-;-;-;-
8294;07;-;-;-;-;-
8293;07;-;-;-;-;-
8292;07;-;-;-;-;-
8291;07;-;-;-;-;-
8290;07;-;-;-;-;-
8289;07;-;-;-;-;-
8288;07;-;-;-;-;-
8287;06;-;-;-;-;-
8286;06;-;-;-;-;-
8285;06;-;-;-;-;-
8284;06;-;-;-;-;-
8283;06;-;-;-;-;-
8282;06;-;-;-;-;-
8281;06;-;-;-;-;-
8280;06;-;-;-;-;-
8279;06;-;-;-;-;-
8278;06;-;-;-;-;-
8277;06;-;-;-;-;-
8276;06;-;-;-;-;-
8275;06;-;-;-;-;-
8274;06;-;-;-;-;-
8273;06;-;-;-;-;-
8272;06;-;-;-;-;-
8271;06;-;-;-;-;-
8270;06;-;-;-;-;-
8269;06;-;-;-;-;-
8268;06;-;-;-;-;-
8267;06;-;-;-;-;-
8266;06;-;-;-;-;-
8265;06;-;-;-;-;-
8264;06;-;-;-;-;-
8263;06;-;-;-;-;-
8262;06;-;-;-;-;-
8261;06;-;-;-;-;-
8260;06;-;-;-;-;-
8259;06;-;-;-;-;-
8258;06;-;-;-;-;-
8257;06;-;-;-;-;-
8256;06;-;-;-;-;-
8255;06;-;-;-;-;-
8254;06;-;-;-;-;-
8253;06;-;-;-;-;-
8252;06;-;-;-;-;-
8251;06;-;-;-;-;-
8250;06;-;-;-;-;-
8249;06;-;-;-;-;-
8248;06;-;-;-;-;-
8247;06;-;-;-;-;-
8246;06;-;-;-;-;-
8245;06;-;-;-;-;-
8244;06;-;-;-;-;-
8243;06;-;-;-;-;-
8242;06;-;-;-;-;-
8241;06;-;-;-;-;-
8240;06;-;-;-;-;-
8239;06;-;-;-;-;-
8238;06;-;-;-;-;-
8237;06;-;-;-;-;-
8236;06;0.3297;0.1041;0;0.95359577;Fora Ponta
8235;06;0.32909999;0.0996;0;0.95712707;Fora Ponta
8234;06;0.33359999;0.1041;0;0.95460209;Fora Ponta
8233;06;0.3378;0.1071;0;0.95323658;Fora Ponta
8232;06;0.32339999;0.10799999;0;0.94850717;Fora Ponta
8231;06;0.34019999;0.10859999;0;0.9526385;Fora Ponta
8230;06;0.33119999;0.10829999;0;0.95047576;Fora Ponta
8229;06;0.32339999;0.10799999;0;0.94850717;Fora Ponta
8228;06;0.303;0.10139999;0;0.94830706;Fora Ponta
8227;06;0.31949999;0.10619999;0;0.94895026;Fora Ponta
8226;06;0.31829999;0.1074;0;0.94751595;Fora Ponta
8225;06;0.303;0.10139999;0;0.94830706;Fora Ponta
8224;06;0.27809999;0.0861;0;0.95526509;Fora Ponta
8223;06;0.288;0.0924;0;0.95219354;Fora Ponta
8222;06;0.27809999;0.0867;0;0.95468133;Fora Ponta
8221;06;0.27809999;0.0861;0;0.95526509;Fora Ponta
8220;06;0.24209999;0.0783;0;0.95147498;Fora Ponta
8219;06;0.26789999;0.0909;0;0.94697293;Fora Ponta
8218;06;0.25139999;0.0783;0;0.95476336;Fora Ponta
8217;06;0.24209999;0.0783;0;0.95147498;Fora Ponta
8216;06;0.2103;0.07229999;0;0.94567363;Fora Ponta
8215;06;0.22259999;0.075;0;0.94765661;Fora Ponta
8214;06;0.22349999;0.0774;0;0.94494082;Fora Ponta
8213;06;0.2103;0.07229999;0;0.94567363;Fora Ponta
8212;06;0.21149999;0.0741;0;0.94375395;Fora Ponta
8211;06;0.20909999;0.06839999;0;0.95044109;Fora Ponta
8210;06;0.2067;0.0696;0;0.94771605;Fora Ponta
8209;06;0.21149999;0.0741;0;0.94375395;Fora Ponta
8208;06;0.2145;0.07769999;0;0.94021503;Fora Ponta
8207;06;0.20399999;0.0717;0;0.94342495;Fora Ponta
8206;06;0.2109;0.0726;0;0.94554437;Fora Ponta
8205;06;0.2145;0.07769999;0;0.94021503;Fora Ponta
8204;06;0.23099999;0.0885;0;0.93381365;Fora Ponta
8203;06;0.22049999;0.07709999;0;0.94395842;Fora Ponta
8202;06;0.22229999;0.08099999;0;0.93957109;Fora Ponta
8201;06;0.23099999;0.0885;0;0.93381365;Fora Ponta
8200;06;0.23579999;0.09029999;0;0.93386519;Fora Ponta
8199;06;0.2409;0.08399999;0;0.94424269;Fora Ponta
8198;06;0.24179999;0.08399999;0;0.94462321;Fora Ponta
8197;06;0.2475;0.08879999;0;0.94125047;Fora Ponta
8196;06;0.25289999;0.08759999;0;0.94491942;Fora Ponta
8195;06;0.24419999;0.0846;0;0.94490323;Fora Ponta
8194;06;0.24359999;0.0813;0;0.94856641;Fora Ponta
8193;06;0.24479999;0.0798;0;0.95075969;Fora Ponta
8192;06;0.25229999;0.08429999;0;0.9484575;Fora Ponta
8191;05;0.26099999;0.08579999;0;0.94998547;Fora Ponta
8190;05;0.2688;0.08549999;0;0.95295371;Fora Ponta
8189;05;0.2646;0.0864;0;0.95060545;Fora Ponta
8188;05;0.2619;0.08729999;0;0.94868329;Fora Ponta
8187;05;0.2631;0.0852;0;0.95136038;Fora Ponta
8186;05;0.27059999;0.08429999;0;0.95474328;Fora Ponta
8185;05;0.2721;0.08789999;0;0.95157998;Fora Ponta
8184;05;0.2751;0.09059999;0;0.9498165;Fora Ponta
8183;05;0.28169999;0.08939999;0;0.95315214;Fora Ponta
8182;05;0.2925;0.0948;0;0.9512847;Fora Ponta
8181;05;0.29939999;0.09659999;0;0.95169064;Fora Ponta
8180;05;0.30029999;0.0975;0;0.9511248;Fora Ponta
8179;05;0.29879999;0.0978;0;0.95038687;Fora Ponta
8178;05;0.3024;0.0942;0;0.95474924;Fora Ponta
8177;05;0.3123;0.1017;0;0.95085267;Fora Ponta
8176;05;0.31679999;0.1089;0;0.94568659;Ponta
8175;05;0.3165;0.10289999;0;0.95100094;Ponta
8174;05;0.31739999;0.1026;0;0.95152195;Ponta
8173;05;0.32339999;0.10289999;0;0.95292578;Ponta
8172;05;0.32129999;0.10019999;0;0.95465428;Ponta
8171;05;0.32339999;0.1038;0;0.95215713;Ponta
8170;05;0.3429;0.10529999;0;0.95594161;Ponta
8169;05;0.348;0.11159999;0;0.95223333;Ponta
8168;05;0.3429;0.1083;0;0.95357005;Ponta
8167;05;0.3504;0.11309999;0;0.95165484;Ponta
8166;05;0.36629999;0.1167;0;0.95281297;Ponta
8165;05;0.37499999;0.12029999;0;0.95220277;Ponta
8164;05;0.38759999;0.1203;0;0.95505692;Fora Ponta
8163;05;0.41069999;0.12;0;0.95986639;Fora Ponta
8162;05;0.41669999;0.12569999;0;0.95738885;Fora Ponta
8161;05;0.4233;0.12299999;0;0.96028154;Fora Ponta
8160;05;0.4296;0.12119999;0;0.96243166;Fora Ponta
8159;05;0.44159999;0.12419999;0;0.96265094;Fora Ponta
8158;05;0.4482;0.1254;0;0.96301755;Fora Ponta
8157;05;0.44519999;0.12179999;0;0.96455352;Fora Ponta
8156;05;0.4617;0.12419999;0;0.96567026;Fora Ponta
8155;05;0.45209999;0.12329999;0;0.96476382;Fora Ponta
8154;05;0.44819999;0.126;0;0.96268242;Fora Ponta
8153;05;0.4476;0.12269999;0;0.96441991;Fora Ponta
8152;05;0.44549999;0.12689999;0;0.96174359;Fora Ponta
8151;05;0.44699999;0.12689999;0;0.96198548;Fora Ponta
8150;05;0.43889999;0.12029999;0;0.96442836;Fora Ponta
8149;05;0.44039999;0.1176;0;0.96614749;Fora Ponta
8148;05;0.4263;0.11429999;0;0.96588431;Fora Ponta
8147;05;0.4236;0.1137;0;0.9658136;Fora Ponta
8146;05;0.42029999;0.11489999;0;0.96460475;Fora Ponta
8145;05;0.4143;0.1083;0;0.96749067;Fora Ponta
8144;05;0.42029999;0.11309999;0;0.96564902;Fora Ponta
8143;05;0.4221;0.11549999;0;0.964542;Fora Ponta
8142;05;0.4311;0.11759999;0;0.96474832;Fora Ponta
8141;05;0.4293;0.1137;0;0.96667081;Fora Ponta
8140;05;0.43229999;0.11819999;0;0.96459369;Fora Ponta
8139;05;0.43169999;0.11609999;0;0.96568699;Fora Ponta
8138;05;0.4326;0.1215;0;0.96274875;Fora Ponta
8137;05;0.4377;0.11819999;0;0.96541742;Fora Ponta
8136;05;0.4332;0.11729999;0;0.96524042;Fora Ponta
8135;05;0.44939999;0.1206;0;0.96582709;Fora Ponta
8134;05;0.44999999;0.12059999;0;0.96591355;Fora Ponta
8133;05;0.4485;0.123;0;0.96439069;Fora Ponta
8132;05;0.4353;0.1215;0;0.9631843;Fora Ponta
8131;05;0.41399999;0.1128;0;0.96482832;Fora Ponta
8130;05;0.4074;0.10979999;0;0.96554707;Fora Ponta
8129;05;0.3846;0.10529999;0;0.96450292;Fora Ponta
8128;05;0.37139999;0.10169999;0;0.96449363;Fora Ponta
8127;05;0.363;0.0969;0;0.96616864;Fora Ponta
8126;05;0.34769999;0.093;0;0.96604098;Fora Ponta
8125;05;0.3318;0.08579999;0;0.96815422;Fora Ponta
8124;05;0.3273;0.0891;0;0.96488617;Fora Ponta
8123;05;0.3018;0.0861;0;0.96163208;Fora Ponta
8122;05;0.28049999;0.08189999;0;0.95991947;Fora Ponta
8121;05;0.2568;0.08159999;0;0.95304268;Fora Ponta
8120;05;0.2481;0.0783;0;0.95363493;Fora Ponta
8119;05;0.2445;0.08129999;0;0.9489159;Fora Ponta
8118;05;0.23609999;0.07709999;0;0.95059818;Fora Ponta
8117;05;0.22679999;0.0741;0;0.95055244;Fora Ponta
8116;05;0.21719999;0.07139999;0;0.94998726;Fora Ponta
8115;05;0.21149999;0.0705;0;0.94868329;Fora Ponta
8114;05;0.21239999;0.07139999;0;0.94787695;Fora Ponta
8113;05;0.21419999;0.0717;0;0.9482841;Fora Ponta
8112;05;0.20609999;0.06779999;0;0.94992038;Fora Ponta
8111;05;0.21149999;0.072;0;0.9466499;Fora Ponta
8110;05;0.20819999;0.07079999;0;0.94675611;Fora Ponta
8109;05;0.21299999;0.07319999;0;0.94571218;Fora Ponta
8108;05;0.2103;0.07139999;0;0.94691262;Fora Ponta
8107;05;0.2103;0.0708;0;0.94773266;Fora Ponta
8106;05;0.21719999;0.07169999;0;0.94959741;Fora Ponta
8105;05;0.2238;0.07619999;0;0.94663343;Fora Ponta
8104;05;0.23249999;0.07949999;0;0.94621317;Fora Ponta
8103;05;0.2304;0.07769999;0;0.94756701;Fora Ponta
8102;05;0.23639999;0.08099999;0;0.94600906;Fora Ponta
8101;05;0.24869999;0.0837;0;0.94776472;Fora Ponta
8100;05;0.25559999;0.0876;0;0.94598486;Fora Ponta
8099;05;0.2559;0.0894;0;0.94404799;Fora Ponta
8098;05;0.2562;0.09119999;0;0.94209081;Fora Ponta
8097;05;0.252;0.08429999;0;0.94834405;Fora Ponta
8096;05;0.26189999;0.08729999;0;0.94868329;Fora Ponta
8095;04;0.25949999;0.087;0;0.94813381;Fora Ponta
8094;04;0.2739;0.09029999;0;0.94971838;Fora Ponta
8093;04;0.28859999;0.09269999;0;0.95209032;Fora Ponta
8092;04;0.2889;0.09179999;0;0.95304268;Fora Ponta
8091;04;0.2844;0.09389999;0;0.94958094;Fora Ponta
8090;04;0.2868;0.09209999;0;0.95211142;Fora Ponta
8089;04;0.28979999;0.09599999;0;0.94927125;Fora Ponta
8088;04;0.2946;0.09839999;0;0.94848994;Fora Ponta
8087;04;0.2934;0.09509999;0;0.9512768;Fora Ponta
8086;04;0.2994;0.0966;0;0.95169064;Fora Ponta
8085;04;0.306;0.0957;0;0.95441335;Fora Ponta
8084;04;0.3117;0.0996;0;0.9525518;Fora Ponta
8083;04;0.32399999;0.10409999;0;0.95206524;Fora Ponta
8082;04;0.3114;0.10229999;0;0.95004725;Fora Ponta
8081;04;0.3237;0.105;0;0.95120883;Fora Ponta
8080;04;0.32639999;0.1008;0;0.95547469;Ponta
8079;04;0.34049999;0.10529999;0;0.95535945;Ponta
8078;04;0.33149999;0.10349999;0;0.9545568;Ponta
8077;04;0.3348;0.1014;0;0.95706766;Ponta
8076;04;0.34409999;0.10289999;0;0.9580788;Ponta
8075;04;0.3621;0.10649999;0;0.9593655;Ponta
8074;04;0.36479999;0.10769999;0;0.95907613;Ponta
8073;04;0.36719999;0.1086;0;0.95894025;Ponta
8072;04;0.3576;0.10469999;0;0.95971093;Ponta
8071;04;0.36629999;0.10799999;0;0.95917765;Ponta
8070;04;0.37529999;0.10919999;0;0.96018032;Ponta
8069;04;0.3861;0.1131;0;0.95967364;Ponta
8068;04;0.40889999;0.11909999;0;0.96010249;Fora Ponta
8067;04;0.43499999;0.13019999;0;0.95800793;Fora Ponta
8066;04;0.45149999;0.1323;0;0.95964931;Fora Ponta
8065;04;0.46949999;0.1359;0;0.96056857;Fora Ponta
8064;04;0.47549999;0.1377;0;0.96053444;Fora Ponta
8063;04;0.49319999;0.13829999;0;0.96286054;Fora Ponta
8062;04;0.495;0.135;0;0.96476382;Fora Ponta
8061;04;0.48929999;0.1359;0;0.96352637;Fora Ponta
8060;04;0.49529999;0.13649999;0;0.96405969;Fora Ponta
8059;04;0.4899;0.1323;0;0.96541569;Fora Ponta
8058;04;0.48959999;0.13679999;0;0.96311097;Fora Ponta
8057;04;0.49379999;0.1371;0;0.96355144;Fora Ponta
8056;04;0.4866;0.1362;0;0.96298867;Fora Ponta
8055;04;0.47819999;0.1335;0;0.96317082;Fora Ponta
8054;04;0.47729999;0.13979999;0;0.95968186;Fora Ponta
8053;04;0.4587;0.1296;0;0.9623273;Fora Ponta
8052;04;0.44189999;0.12;0;0.9650505;Fora Ponta
8051;04;0.44309999;0.12269999;0;0.9637326;Fora Ponta
8050;04;0.44279999;0.12419999;0;0.96284197;Fora Ponta
8049;04;0.4443;0.13019999;0;0.95964361;Fora Ponta
8048;04;0.44699999;0.1284;0;0.96113351;Fora Ponta
8047;04;0.4395;0.1248;0;0.96196869;Fora Ponta
8046;04;0.4518;0.129;0;0.96157212;Fora Ponta
8045;04;0.45719999;0.129;0;0.96242428;Fora Ponta
8044;04;0.46439999;0.12869999;0;0.96367827;Fora Ponta
8043;04;0.4617;0.12329999;0;0.9661411;Fora Ponta
8042;04;0.45599999;0.12209999;0;0.96597073;Fora Ponta
8041;04;0.46109999;0.1251;0;0.96511074;Fora Ponta
8040;04;0.46409999;0.12599999;0;0.9650655;Fora Ponta
8039;04;0.45749999;0.12599999;0;0.9641043;Fora Ponta
8038;04;0.4599;0.126;0;0.96445828;Fora Ponta
8037;04;0.4503;0.1251;0;0.96350871;Fora Ponta
8036;04;0.44339999;0.12239999;0;0.96394648;Fora Ponta
8035;04;0.44939999;0.12569999;0;0.96303742;Fora Ponta
8034;04;0.44219999;0.1263;0;0.96154856;Fora Ponta
8033;04;0.41699999;0.1131;0;0.9651314;Fora Ponta
8032;04;0.4245;0.1164;0;0.96440116;Fora Ponta
8031;04;0.39059999;0.11159999;0;0.96152394;Fora Ponta
8030;04;0.369;0.1026;0;0.96345054;Fora Ponta
8029;04;0.35609999;0.09359999;0;0.96714837;Fora Ponta
8028;04;0.3339;0.08759999;0;0.96726563;Fora Ponta
8027;04;0.3015;0.0831;0;0.96405195;Fora Ponta
8026;04;0.2784;0.0807;0;0.96046235;Fora Ponta
8025;04;0.25079999;0.07379999;0;0.95932894;Fora Ponta
8024;04;0.2448;0.0711;0;0.96031572;Fora Ponta
8023;04;0.2352;0.06989999;0;0.95856343;Fora Ponta
8022;04;0.2259;0.06749999;0;0.95814089;Fora Ponta
8021;04;0.21239999;0.0639;0;0.95760263;Fora Ponta
8020;04;0.21149999;0.0645;0;0.95650941;Fora Ponta
8019;04;0.2097;0.06359999;0;0.95695529;Fora Ponta
8018;04;0.2097;0.0657;0;0.95426109;Fora Ponta
8017;04;0.20999999;0.0657;0;0.95438288;Fora Ponta
8016;04;0.2103;0.06659999;0;0.9533357;Fora Ponta
8015;04;0.21239999;0.0678;0;0.95264262;Fora Ponta
8014;04;0.2103;0.06989999;0;0.94895369;Fora Ponta
8013;04;0.21389999;0.0684;0;0.95248617;Fora Ponta
8012;04;0.20939999;0.0663;0;0.95335532;Fora Ponta
8011;04;0.21509999;0.0693;0;0.95182116;Fora Ponta
8010;04;0.21389999;0.07139999;0;0.94855017;Fora Ponta
8009;04;0.2148;0.06899999;0;0.95208388;Fora Ponta
8008;04;0.22199999;0.0705;0;0.95309478;Fora Ponta
8007;04;0.2292;0.07379999;0;0.95187287;Fora Ponta
8006;04;0.24179999;0.08399999;0;0.94462321;Fora Ponta
8005;04;0.24509999;0.08129999;0;0.94914697;Fora Ponta
8004;04;0.252;0.09;0;0.94174191;Fora Ponta
8003;04;0.2592;0.0894;0;0.94534972;Fora Ponta
8002;04;0.2541;0.09119999;0;0.94121279;Fora Ponta
8001;04;0.2535;0.09179999;0;0.94024742;Fora Ponta
8000;04;0.2637;0.0897;0;0.94672678;Fora Ponta
7999;03;0.26189999;0.09;0;0.94571781;Fora Ponta
7998;03;0.2637;0.093;0;0.94306953;Fora Ponta
7997;03;0.26399999;0.08969999;0;0.9468383;Fora Ponta
7996;03;0.2703;0.093;0;0.94559582;Fora Ponta
7995;03;0.2895;0.09869999;0;0.94650337;Fora Ponta
7994;03;0.28889999;0.09659999;0;0.94838743;Fora Ponta
7993;03;0.2844;0.0933;0;0.95017601;Fora Ponta
7992;03;0.2895;0.0963;0;0.94887977;Fora Ponta
7991;03;0.2874;0.0996;0;0.94486875;Fora Ponta
7990;03;0.3;0.09809999;0;0.95047372;Fora Ponta
7989;03;0.30239999;0.099;0;0.95036671;Fora Ponta
7988;03;0.3042;0.0978;0;0.95200902;Fora Ponta
7987;03;0.31829999;0.09989999;0;0.95411122;Fora Ponta
7986;03;0.32189999;0.1074;0;0.94859485;Fora Ponta
7985;03;0.3297;0.1041;0;0.95359577;Fora Ponta
7984;03;0.3348;0.1035;0;0.95538946;Ponta
7983;03;0.34049999;0.10859999;0;0.95271609;Ponta
7982;03;0.33089999;0.10439999;0;0.95366103;Ponta
7981;03;0.348;0.11099999;0;0.95270981;Ponta
7980;03;0.34409999;0.1068;0;0.955056;Ponta
7979;03;0.34349999;0.10439999;0;0.95678513;Ponta
7978;03;0.3579;0.10979999;0;0.95602125;Ponta
7977;03;0.3495;0.10319999;0;0.95906345;Ponta
7976;03;0.34949999;0.1011;0;0.9606164;Ponta
7975;03;0.36569999;0.11309999;0;0.95535438;Ponta
7974;03;0.3621;0.1098;0;0.95697104;Ponta
7973;03;0.3771;0.10799999;0;0.96135059;Ponta
7972;03;0.38909999;0.10859999;0;0.96318735;Fora Ponta
7971;03;0.39749999;0.11069999;0;0.96334062;Fora Ponta
7970;03;0.41159999;0.11189999;0;0.96497451;Fora Ponta
7969;03;0.42839999;0.11549999;0;0.9655243;Fora Ponta
7968;03;0.44189999;0.12419999;0;0.96269883;Fora Ponta
7967;03;0.44999999;0.1221;0;0.9651045;Fora Ponta
7966;03;0.4575;0.1248;0;0.96474922;Fora Ponta
7965;03;0.4635;0.1266;0;0.96466288;Fora Ponta
7964;03;0.4545;0.12209999;0;0.96575717;Fora Ponta
7963;03;0.45659999;0.12269999;0;0.96573817;Fora Ponta
7962;03;0.46919999;0.132;0;0.96263088;Fora Ponta
7961;03;0.4608;0.12569999;0;0.96474932;Fora Ponta
7960;03;0.45209999;0.123;0;0.96492617;Fora Ponta
7959;03;0.4548;0.12569999;0;0.96386323;Fora Ponta
7958;03;0.45299999;0.12629999;0;0.96326156;Fora Ponta
7957;03;0.441;0.11819999;0;0.96590698;Fora Ponta
7956;03;0.41309999;0.11249999;0;0.96486077;Fora Ponta
7955;03;0.41189999;0.11729999;0;0.96176148;Fora Ponta
7954;03;0.41129999;0.1134;0;0.9640299;Fora Ponta
7953;03;0.4044;0.1104;0;0.96469773;Fora Ponta
7952;03;0.41369999;0.11729999;0;0.96207486;Fora Ponta
7951;03;0.4071;0.1191;0;0.95976995;Fora Ponta
7950;03;0.41789999;0.12119999;0;0.9604236;Fora Ponta
7949;03;0.4164;0.11789999;0;0.96217519;Fora Ponta
7948;03;0.41879999;0.11729999;0;0.96294252;Fora Ponta
7947;03;0.41879999;0.11249999;0;0.96576255;Fora Ponta
7946;03;0.4155;0.11489999;0;0.96382633;Fora Ponta
7945;03;0.4194;0.11399999;0;0.96498648;Fora Ponta
7944;03;0.41399999;0.1098;0;0.96658281;Fora Ponta
7943;03;0.4131;0.11159999;0;0.96539202;Fora Ponta
7942;03;0.41279999;0.11009999;0;0.96622328;Fora Ponta
7941;03;0.41219999;0.10679999;0;0.96803492;Fora Ponta
7940;03;0.4044;0.10979999;0;0.96506058;Fora Ponta
7939;03;0.4053;0.10859999;0;0.96592571;Fora Ponta
7938;03;0.39269999;0.10559999;0;0.96569406;Fora Ponta
7937;03;0.3711;0.10289999;0;0.96364057;Fora Ponta
7936;03;0.3519;0.09419999;0;0.96598846;Fora Ponta
7935;03;0.34049999;0.09269999;0;0.96488143;Fora Ponta
7934;03;0.3378;0.09359999;0;0.96368937;Fora Ponta
7933;03;0.3282;0.09029999;0;0.96417158;Fora Ponta
7932;03;0.29369999;0.07949999;0;0.96526264;Fora Ponta
7931;03;0.2763;0.0774;0;0.96293143;Fora Ponta
7930;03;0.2571;0.07319999;0;0.96177763;Fora Ponta
7929;03;0.2469;0.07079999;0;0.96125905;Fora Ponta
7928;03;0.24059999;0.07469999;0;0.95502925;Fora Ponta
7927;03;0.23759999;0.075;0;0.95361905;Fora Ponta
7926;03;0.22349999;0.07289999;0;0.9507053;Fora Ponta
7925;03;0.2178;0.0693;0;0.95292578;Fora Ponta
7924;03;0.2091;0.0645;0;0.95557127;Fora Ponta
7923;03;0.20459999;0.0645;0;0.95373049;Fora Ponta
7922;03;0.20129999;0.0654;0;0.95106531;Fora Ponta
7921;03;0.20429999;0.063;0;0.95559678;Fora Ponta
7920;03;0.19889999;0.0624;0;0.95414648;Fora Ponta
7919;03;0.1944;0.06209999;0;0.95257764;Fora Ponta
7918;03;0.19499999;0.0642;0;0.94984585;Fora Ponta
7917;03;0.20009999;0.0639;0;0.95260638;Fora Ponta
7916;03;0.20129999;0.0642;0;0.95272044;Fora Ponta
7915;03;0.2052;0.0645;0;0.95398231;Fora Ponta
7914;03;0.22079999;0.0717;0;0.95111001;Fora Ponta
7913;03;0.22319999;0.06989999;0;0.95429721;Fora Ponta
7912;03;0.2253;0.07169999;0;0.95290911;Fora Ponta
7911;03;0.2277;0.0705;0;0.95526049;Fora Ponta
7910;03;0.23129999;0.0744;0;0.9519643;Fora Ponta
7909;03;0.22859999;0.07379999;0;0.95163796;Fora Ponta
7908;03;0.2418;0.08129999;0;0.94785688;Fora Ponta
7907;03;0.24059999;0.07889999;0;0.95021228;Fora Ponta
7906;03;0.24449999;0.0831;0;0.94680814;Fora Ponta
7905;03;0.25739999;0.0831;0;0.95163541;Fora Ponta
7904;03;0.2532;0.0807;0;0.9527774;Fora Ponta
7903;02;0.2607;0.08639999;0;0.94922804;Fora Ponta
7902;02;0.26399999;0.09119999;0;0.9451902;Fora Ponta
7901;02;0.26399999;0.0885;0;0.9481432;Fora Ponta
7900;02;0.26999999;0.08789999;0;0.95087866;Fora Ponta
7899;02;0.26549999;0.0852;0;0.95217398;Fora Ponta
7898;02;0.2919;0.0894;0;0.95616065;Fora Ponta
7897;02;0.285;0.09059999;0;0.95300479;Fora Ponta
7896;02;0.2754;0.0912;0;0.94930193;Fora Ponta
7895;02;0.2955;0.0963;0;0.95078548;Fora Ponta
7894;02;0.29039999;0.09659999;0;0.94887916;Fora Ponta
7893;02;0.30119999;0.09419999;0;0.95441229;Fora Ponta
7892;02;0.3117;0.09869999;0;0.95334662;Fora Ponta
7891;02;0.32849999;0.10499999;0;0.95252509;Fora Ponta
7890;02;0.3132;0.0993;0;0.95323705;Fora Ponta
7889;02;0.3222;0.10439999;0;0.95130708;Fora Ponta
7888;02;0.32939999;0.1089;0;0.94945866;Ponta
7887;02;0.3276;0.10229999;0;0.95454217;Ponta
7886;02;0.31649999;0.09809999;0;0.95517012;Ponta
7885;02;0.3213;0.0975;0;0.95691161;Ponta
7884;02;0.32189999;0.09809999;0;0.95656584;Ponta
7883;02;0.3243;0.09749999;0;0.95765543;Ponta
7882;02;0.32339999;0.09119999;0;0.96246163;Ponta
7881;02;0.33359999;0.0921;0;0.96393895;Ponta
7880;02;0.3465;0.10169999;0;0.95952409;Ponta
7879;02;0.35879999;0.10499999;0;0.95974795;Ponta
7878;02;0.3696;0.11459999;0;0.95513978;Ponta
7877;02;0.3774;0.11129999;0;0.95915884;Ponta
7876;02;0.3837;0.11549999;0;0.95755799;Fora Ponta
7875;02;0.4074;0.13199999;0;0.95131167;Fora Ponta
7874;02;0.41669999;0.1275;0;0.95623927;Fora Ponta
7873;02;0.42689999;0.12539999;0;0.95946207;Fora Ponta
7872;02;0.44279999;0.1326;0;0.95796907;Fora Ponta
7871;02;0.4518;0.1359;0;0.95761601;Fora Ponta
7870;02;0.4317;0.12779999;0;0.9588653;Fora Ponta
7869;02;0.4476;0.1284;0;0.96123166;Fora Ponta
7868;02;0.45869999;0.13049999;0;0.96183193;Fora Ponta
7867;02;0.4527;0.1308;0;0.96070286;Fora Ponta
7866;02;0.44909999;0.12719999;0;0.962152;Fora Ponta
7865;02;0.4515;0.12689999;0;0.96269781;Fora Ponta
7864;02;0.44579999;0.1266;0;0.96196242;Fora Ponta
7863;02;0.44909999;0.1266;0;0.96248843;Fora Ponta
7862;02;0.4467;0.1248;0;0.96311836;Fora Ponta
7861;02;0.43829999;0.1224;0;0.96314865;Fora Ponta
7860;02;0.42299999;0.11759999;0;0.96345914;Fora Ponta
7859;02;0.41099999;0.1176;0;0.96141794;Fora Ponta
7858;02;0.39959999;0.1149;0;0.96105972;Fora Ponta
7857;02;0.41009999;0.12119999;0;0.95899604;Fora Ponta
7856;02;0.41069999;0.11489999;0;0.96302244;Fora Ponta
7855;02;0.41189999;0.11249999;0;0.96466647;Fora Ponta
7854;02;0.42179999;0.11879999;0;0.9625505;Fora Ponta
7853;02;0.4353;0.1215;0;0.9631843;Fora Ponta
7852;02;0.4404;0.1254;0;0.96177078;Fora Ponta
7851;02;0.4395;0.1227;0;0.96316858;Fora Ponta
7850;02;0.44429999;0.1248;0;0.96274089;Fora Ponta
7849;02;0.42989999;0.12239999;0;0.9617768;Fora Ponta
7848;02;0.43019999;0.12059999;0;0.96288028;Fora Ponta
7847;02;0.43199999;0.12089999;0;0.96299873;Fora Ponta
7846;02;0.42599999;0.12269999;0;0.96093441;Fora Ponta
7845;02;0.42179999;0.11909999;0;0.96237168;Fora Ponta
7844;02;0.39899999;0.11459999;0;0.96114123;Fora Ponta
7843;02;0.39089999;0.11429999;0;0.95981002;Fora Ponta
7842;02;0.39359999;0.10709999;0;0.9649164;Fora Ponta
7841;02;0.3903;0.10349999;0;0.96659161;Fora Ponta
7840;02;0.38759999;0.1005;0;0.96799015;Fora Ponta
7839;02;0.3861;0.10349999;0;0.96589779;Fora Ponta
7838;02;0.35579999;0.09749999;0;0.96444409;Fora Ponta
7837;02;0.34259999;0.09359999;0;0.96464676;Fora Ponta
7836;02;0.31289999;0.0861;0;0.96416402;Fora Ponta
7835;02;0.28859999;0.08579999;0;0.95853635;Fora Ponta
7834;02;0.2571;0.0771;0;0.95785704;Fora Ponta
7833;02;0.24689999;0.07469999;0;0.95715147;Fora Ponta
7832;02;0.23279999;0.0741;0;0.95289352;Fora Ponta
7831;02;0.2259;0.0726;0;0.95204171;Fora Ponta
7830;02;0.2172;0.0717;0;0.94959741;Fora Ponta
7829;02;0.21149999;0.06899999;0;0.95068662;Fora Ponta
7828;02;0.19949999;0.06689999;0;0.94811146;Fora Ponta
7827;02;0.20309999;0.0678;0;0.94854309;Fora Ponta
7826;02;0.20309999;0.06659999;0;0.95021591;Fora Ponta
7825;02;0.2034;0.0681;0;0.94826287;Fora Ponta
7824;02;0.2016;0.0702;0;0.94438298;Fora Ponta
7823;02;0.1992;0.06899999;0;0.94491837;Fora Ponta
7822;02;0.1995;0.0678;0;0.94681612;Fora Ponta
7821;02;0.20039999;0.0681;0;0.94682457;Fora Ponta
7820;02;0.20339999;0.0693;0;0.94656831;Fora Ponta
7819;02;0.2112;0.0723;0;0.94609897;Fora Ponta
7818;02;0.20939999;0.07139999;0;0.94649136;Fora Ponta
7817;02;0.21029999;0.06899999;0;0.95016373;Fora Ponta
7816;02;0.2133;0.07289999;0;0.94626047;Fora Ponta
7815;02;0.21869999;0.0705;0;0.95177012;Fora Ponta
7814;02;0.2241;0.0735;0;0.95019866;Fora Ponta
7813;02;0.2313;0.0789;0;0.94645052;Fora Ponta
7812;02;0.22949999;0.078;0;0.94681045;Fora Ponta
7811;02;0.22679999;0.07379999;0;0.95092308;Fora Ponta
7810;02;0.237;0.0804;0;0.94699172;Fora Ponta
7809;02;0.23459999;0.07769999;0;0.94928851;Fora Ponta
7808;02;0.2481;0.08249999;0;0.94891253;Fora Ponta
7807;01;0.2511;0.0885;0;0.94313586;Fora Ponta
7806;01;0.24119999;0.0822;0;0.94654287;Fora Ponta
7805;01;0.2535;0.08339999;0;0.94991261;Fora Ponta
7804;01;0.2511;0.08129999;0;0.95137595;Fora Ponta
7803;01;0.2658;0.08549999;0;0.95196146;Fora Ponta
7802;01;0.27569999;0.08909999;0;0.95154257;Fora Ponta
7801;01;0.2658;0.0864;0;0.95101829;Fora Ponta
7800;01;0.26339999;0.08639999;0;0.95018751;Fora Ponta
7799;01;0.2724;0.0885;0;0.95106485;Fora Ponta
7798;01;0.2748;0.087;0;0.95336219;Fora Ponta
7797;01;0.2889;0.0927;0;0.95218275;Fora Ponta
7796;01;0.2952;0.09809999;0;0.94897222;Fora Ponta
7795;01;0.2991;0.0972;0;0.95104107;Fora Ponta
7794;01;0.2991;0.0933;0;0.95463318;Fora Ponta
7793;01;0.303;0.09599999;0;0.95329693;Fora Ponta
7792;01;0.31019999;0.102;0;0.94996166;Ponta
7791;01;0.3186;0.10229999;0;0.95212179;Ponta
7790;01;0.31499999;0.09989999;0;0.95321149;Ponta
7789;01;0.31709999;0.0975;0;0.95583764;Ponta
7788;01;0.32039999;0.09809999;0;0.95618461;Ponta
7787;01;0.3222;0.09809999;0;0.95664151;Ponta
7786;01;0.33359999;0.0972;0;0.96007732;Ponta
7785;01;0.3459;0.1032;0;0.9582598;Ponta
7784;01;0.34859999;0.10709999;0;0.95590343;Ponta
7783;01;0.35579999;0.10469999;0;0.95932685;Ponta
7782;01;0.35819999;0.10679999;0;0.95831089;Ponta
7781;01;0.37139999;0.1053;0;0.96207915;Ponta
7780;01;0.378;0.10859999;0;0.96111992;Fora Ponta
7779;01;0.39329999;0.1137;0;0.96066206;Fora Ponta
7778;01;0.40349999;0.1194;0;0.95889874;Fora Ponta
7777;01;0.41759999;0.11999999;0;0.96110596;Fora Ponta
7776;01;0.4356;0.1281;0;0.95937602;Fora Ponta
7775;01;0.4407;0.1263;0;0.96130138;Fora Ponta
7774;01;0.44759999;0.1281;0;0.96140227;Fora Ponta
7773;01;0.44699999;0.1275;0;0.96164562;Fora Ponta
7772;01;0.44399999;0.1251;0;0.9625237;Fora Ponta
7771;01;0.44129999;0.12569999;0;0.96174568;Fora Ponta
7770;01;0.45929999;0.12869999;0;0.96291174;Fora Ponta
7769;01;0.43649999;0.1182;0;0.96523683;Fora Ponta
7768;01;0.4254;0.1143;0;0.96574715;Fora Ponta
7767;01;0.4317;0.11699999;0;0.96518052;Fora Ponta
7766;01;0.4386;0.11699999;0;0.96621299;Fora Ponta
7765;01;0.4263;0.1083;0;0.96921268;Fora Ponta
7764;01;0.4122;0.10679999;0;0.96803492;Fora Ponta
7763;01;0.40409999;0.11399999;0;0.96243531;Fora Ponta
7762;01;0.39749999;0.11429999;0;0.96105726;Fora Ponta
7761;01;0.39899999;0.11009999;0;0.96397339;Fora Ponta
7760;01;0.41429999;0.11549999;0;0.96326766;Fora Ponta
7759;01;0.41069999;0.1104;0;0.96571784;Fora Ponta
7758;01;0.41699999;0.11729999;0;0.96263965;Fora Ponta
7757;01;0.4251;0.1167;0;0.96432274;Fora Ponta
7756;01;0.42719999;0.11399999;0;0.96618987;Fora Ponta
7755;01;0.41759999;0.11069999;0;0.96661422;Fora Ponta
7754;01;0.40919999;0.10499999;0;0.96862004;Fora Ponta
7753;01;0.4194;0.10949999;0;0.9675658;Fora Ponta
7752;01;0.4221;0.11069999;0;0.96728792;Fora Ponta
7751;01;0.41789999;0.10889999;0;0.96768363;Fora Ponta
7750;01;0.41669999;0.10709999;0;0.96852175;Fora Ponta
7749;01;0.41099999;0.10469999;0;0.96905104;Fora Ponta
7748;01;0.40379999;0.1038;0;0.96851276;Fora Ponta
7747;01;0.3963;0.1059;0;0.96610128;Fora Ponta
7746;01;0.3972;0.10559999;0;0.9664285;Fora Ponta
7745;01;0.3882;0.10919999;0;0.96263882;Fora Ponta
7744;01;0.37259999;0.1026;0;0.96411602;Fora Ponta
7743;01;0.3669;0.09899999;0;0.96547078;Fora Ponta
7742;01;0.36539999;0.09659999;0;0.96678603;Fora Ponta
7741;01;0.3198;0.08549999;0;0.96606928;Fora Ponta
7740;01;0.29279999;0.07949999;0;0.96505984;Fora Ponta
7739;01;0.27059999;0.0756;0;0.96311911;Fora Ponta
7738;01;0.252;0.0654;0;0.96793466;Fora Ponta
7737;01;0.23819999;0.06659999;0;0.96306472;Fora Ponta
7736;01;0.2259;0.07019999;0;0.95495265;Fora Ponta
7735;01;0.22499999;0.0711;0;0.953525;Fora Ponta
7734;01;0.21659999;0.0687;0;0.9532028;Fora Ponta
7733;01;0.20819999;0.0654;0;0.95403864;Fora Ponta
7732;01;0.1914;0.06;0;0.95421347;Fora Ponta
7731;01;0.20339999;0.063;0;0.95522902;Fora Ponta
7730;01;0.1914;0.05939999;0;0.95506413;Fora Ponta
7729;01;0.19679999;0.06;0;0.95653249;Fora Ponta
7728;01;0.19319999;0.06269999;0;0.95116423;Fora Ponta
7727;01;0.1926;0.06269999;0;0.95088157;Fora Ponta
7726;01;0.1929;0.0615;0;0.95275048;Fora Ponta
7725;01;0.1926;0.06059999;0;0.95389652;Fora Ponta
7724;01;0.1965;0.0633;0;0.9518318;Fora Ponta
7723;01;0.19559999;0.06149999;0;0.95395783;Fora Ponta
7722;01;0.19829999;0.06359999;0;0.95222322;Fora Ponta
7721;01;0.19439999;0.06;0;0.95552358;Fora Ponta
7720;01;0.1977;0.0621;0;0.95404102;Fora Ponta
7719;01;0.21389999;0.06659999;0;0.95478922;Fora Ponta
7718;01;0.21929999;0.07169999;0;0.95048793;Fora Ponta
7717;01;0.21119999;0.069;0;0.95055665;Fora Ponta
7716;01;0.22319999;0.0783;0;0.94362083;Fora Ponta
7715;01;0.22049999;0.07769999;0;0.94315604;Fora Ponta
7714;01;0.21359999;0.0783;0;0.93890472;Fora Ponta
7713;01;0.21779999;0.0765;0;0.94349308;Fora Ponta
7712;01;0.22319999;0.07919999;0;0.94242774;Fora Ponta
